case,cores,status,makespan_cycles,added_copy_bytes,speedup,method,plan_file
case_001,1,scored,233110,0,1.000000000,singlecore,
case_001,2,scored,116868,1152,1.994643529,fm_selected_refined,plans/case_001_2cores.json
case_001,3,scored,78545,2304,2.967852823,fm_selected_refined,plans/case_001_3cores.json
case_001,4,scored,58984,3456,3.952088702,fm_selected_refined,plans/case_001_4cores.json
case_001,5,scored,47502,4608,4.907372321,fm_5core_latest,plans/case_001_5cores.json
case_002,1,scored,261945,0,1.000000000,singlecore,
case_002,2,scored,141748,73728,1.847962581,fm_selected_refined,plans/case_002_2cores.json
case_002,3,scored,98801,153600,2.651238348,fm_selected_refined,plans/case_002_3cores.json
case_002,4,scored,77557,153600,3.377451423,fm_selected_refined,plans/case_002_4cores.json
case_002,5,scored,59399,198144,4.409922726,fm_5core_latest,plans/case_002_5cores.json
case_003,1,scored,602212,0,1.000000000,singlecore,
case_003,2,scored,332339,6580482,1.812041319,fm_selected_refined,plans/case_003_2cores.json
case_003,3,scored,230351,6591042,2.614323359,fm_selected_refined,plans/case_003_3cores.json
case_003,4,scored,193382,6636094,3.114105760,fm_selected_refined,plans/case_003_4cores.json
case_003,5,scored,150915,6580482,3.990405195,fm_5core_latest,plans/case_003_5cores.json
case_004,1,scored,392357,0,1.000000000,singlecore,
case_004,2,scored,199074,110592,1.970910315,fm_selected_refined,plans/case_004_2cores.json
case_004,3,scored,134043,221184,2.927098021,fm_selected_refined,plans/case_004_3cores.json
case_004,4,scored,104188,331776,3.765855953,fm_selected_refined,plans/case_004_4cores.json
case_004,5,scored,88341,442368,4.441391879,fm_5core_latest,plans/case_004_5cores.json
case_005,1,scored,95618,0,1.000000000,singlecore,
case_005,2,scored,59269,1523442,1.613288566,fm_selected_refined,plans/case_005_2cores.json
case_005,3,scored,43691,1523442,2.188505642,fm_selected_refined,plans/case_005_3cores.json
case_005,4,scored,38055,1523442,2.512626462,fm_selected_refined,plans/case_005_4cores.json
case_005,5,scored,36336,1523442,2.631494936,fm_5core_latest,plans/case_005_5cores.json
case_006,1,scored,82837,16400,1.000000000,singlecore,
case_006,2,scored,52818,509214,1.568347912,fm_selected_refined,plans/case_006_2cores.json
case_006,3,scored,37286,525606,2.221664968,fm_selected_refined,plans/case_006_3cores.json
case_006,4,scored,28393,700158,2.917514880,fm_selected_refined,plans/case_006_4cores.json
case_006,5,scored,25679,736394,3.225865493,fm_5core_latest,plans/case_006_5cores.json
case_007,1,scored,1012562,0,1.000000000,singlecore,
case_007,2,scored,507494,27648,1.995219648,fm_selected_refined,plans/case_007_2cores.json
case_007,3,scored,338094,55296,2.994912657,fm_selected_refined,plans/case_007_3cores.json
case_007,4,scored,254398,82944,3.980227832,fm_selected_refined,plans/case_007_4cores.json
case_007,5,scored,203834,110592,4.967581463,fm_5core_latest,plans/case_007_5cores.json
case_008,1,scored,487605,0,1.000000000,singlecore,
case_008,2,scored,244266,0,1.996204957,fm_selected_refined,plans/case_008_2cores.json
case_008,3,scored,163359,0,2.984867684,fm_selected_refined,plans/case_008_3cores.json
case_008,4,scored,123060,0,3.962335446,fm_selected_refined,plans/case_008_4cores.json
case_008,5,scored,100500,36864,4.851791045,fm_5core_latest,plans/case_008_5cores.json
case_009,1,scored,153261,0,1.000000000,singlecore,
case_009,2,scored,97289,740354,1.575316840,fm_selected_refined,plans/case_009_2cores.json
case_009,3,scored,66898,740354,2.290965350,fm_selected_refined,plans/case_009_3cores.json
case_009,4,scored,52976,744450,2.893027031,fm_selected_refined,plans/case_009_4cores.json
case_009,5,scored,44085,750610,3.476488602,fm_5core_latest,plans/case_009_5cores.json
case_010,1,scored,86969,0,1.000000000,singlecore,
case_010,2,scored,56974,575994,1.526468214,fm_selected_refined,plans/case_010_2cores.json
case_010,3,scored,31542,320166,2.757244309,fm_selected_refined,plans/case_010_3cores.json
case_010,4,scored,25881,368554,3.360341563,fm_selected_refined,plans/case_010_4cores.json
case_010,5,scored,21074,406570,4.126838759,fm_5core_latest,plans/case_010_5cores.json
case_011,1,scored,184697,0,1.000000000,singlecore,
case_011,2,scored,92646,180224,1.993577704,fm_selected_refined,plans/case_011_2cores.json
case_011,3,scored,69356,1712128,2.663028433,fm_selected_refined,plans/case_011_3cores.json
case_011,4,scored,54397,1671168,3.395352685,fm_selected_refined,plans/case_011_4cores.json
case_011,5,scored,45453,1900544,4.063472158,fm_5core_latest,plans/case_011_5cores.json
case_012,1,scored,59088,0,1.000000000,singlecore,
case_012,2,scored,32250,192858,1.832186047,fm_selected_refined,plans/case_012_2cores.json
case_012,3,scored,26788,123912,2.205763775,fm_selected_refined,plans/case_012_3cores.json
case_012,4,scored,16596,176518,3.560375994,fm_selected_refined,plans/case_012_4cores.json
case_012,5,scored,14368,137896,4.112472160,fm_5core_latest,plans/case_012_5cores.json
case_013,1,scored,263949,0,1.000000000,singlecore,
case_013,2,scored,132198,8192,1.996618708,fm_selected_refined,plans/case_013_2cores.json
case_013,3,scored,88351,16384,2.987504386,fm_selected_refined,plans/case_013_3cores.json
case_013,4,scored,66982,24576,3.940595981,fm_selected_refined,plans/case_013_4cores.json
case_013,5,scored,54363,32768,4.855305999,fm_5core_latest,plans/case_013_5cores.json
case_014,1,scored,17698626,71010720,1.000000000,singlecore,
case_014,2,scored,8897730,71757240,1.989117000,fm_selected_refined,plans/case_014_2cores.json
case_014,3,scored,5985661,77714952,2.956837348,fm_selected_refined,plans/case_014_3cores.json
case_014,4,scored,4515498,75948060,3.919529142,fm_selected_refined,plans/case_014_4cores.json
case_014,5,scored,3597346,87997224,4.919912069,fm_5core_latest,plans/case_014_5cores.json
case_015,1,scored,177362,180256,1.000000000,singlecore,
case_015,2,scored,103517,1379766,1.713361090,fm_selected_refined,plans/case_015_2cores.json
case_015,3,scored,79249,2296360,2.238034549,fm_selected_refined,plans/case_015_3cores.json
case_015,4,scored,63147,2074400,2.808716170,fm_selected_refined,plans/case_015_4cores.json
case_015,5,scored,43122,901632,4.113028153,fm_5core_latest,plans/case_015_5cores.json
case_016,1,scored,7715523,0,1.000000000,singlecore,
case_016,2,scored,5983431,119558380,1.289481403,fm_selected_refined,plans/case_016_2cores.json
case_016,3,scored,5138467,119558380,1.501522341,fm_selected_refined,plans/case_016_3cores.json
case_016,4,scored,5067871,119558380,1.522438712,fm_selected_refined,plans/case_016_4cores.json
case_016,5,scored,4058268,119637940,1.901186171,fm_5core_latest,plans/case_016_5cores.json
case_017,1,scored,162810,22528,1.000000000,singlecore,
case_017,2,scored,79085,161388,2.058671050,fm_selected_refined,plans/case_017_2cores.json
case_017,3,scored,55134,173952,2.952987267,fm_selected_refined,plans/case_017_3cores.json
case_017,4,scored,53151,1204872,3.063159677,fm_selected_refined,plans/case_017_4cores.json
case_017,5,scored,40577,650112,4.012371541,fm_5core_latest,plans/case_017_5cores.json
case_018,1,scored,1004367,1970176,1.000000000,singlecore,
case_018,2,scored,499129,2987024,2.012239321,fm_selected_refined,plans/case_018_2cores.json
case_018,3,scored,338589,4630544,2.966330861,fm_selected_refined,plans/case_018_3cores.json
case_018,4,scored,252704,5704744,3.974480024,fm_selected_refined,plans/case_018_4cores.json
case_018,5,scored,201392,5582884,4.987124613,fm_5core_latest,plans/case_018_5cores.json
case_019,1,scored,81144,0,1.000000000,singlecore,
case_019,2,scored,45629,305288,1.778342721,fm_selected_refined,plans/case_019_2cores.json
case_019,3,scored,28422,135744,2.854971501,fm_selected_refined,plans/case_019_3cores.json
case_019,4,scored,21873,159840,3.709779180,fm_selected_refined,plans/case_019_4cores.json
case_019,5,scored,18931,286816,4.286302889,fm_5core_latest,plans/case_019_5cores.json
case_020,1,scored,532746,0,1.000000000,singlecore,
case_020,2,scored,266580,0,1.998446995,fm_selected_refined,plans/case_020_2cores.json
case_020,3,scored,177950,0,2.993796010,fm_selected_refined,plans/case_020_3cores.json
case_020,4,scored,133704,0,3.984518040,fm_selected_refined,plans/case_020_4cores.json
case_020,5,scored,107650,0,4.948871342,fm_5core_latest,plans/case_020_5cores.json
case_021,1,scored,6567937,4501504,1.000000000,singlecore,
case_021,2,scored,3250401,21737472,2.020654375,fm_selected_refined,plans/case_021_2cores.json
case_021,3,scored,2186905,21958656,3.003302384,fm_selected_refined,plans/case_021_3cores.json
case_021,4,scored,1655326,22173696,3.967760429,fm_selected_refined,plans/case_021_4cores.json
case_021,5,scored,1265536,19009536,5.189846042,fm_5core_latest,plans/case_021_5cores.json
case_022,1,scored,56780,0,1.000000000,singlecore,
case_022,2,scored,31819,109604,1.784468399,fm_selected_refined,plans/case_022_2cores.json
case_022,3,scored,21313,89136,2.664101722,fm_selected_refined,plans/case_022_3cores.json
case_022,4,scored,16631,89136,3.414106187,fm_selected_refined,plans/case_022_4cores.json
case_022,5,scored,12818,27648,4.429708223,fm_5core_latest,plans/case_022_5cores.json
case_023,1,scored,122614,0,1.000000000,singlecore,
case_023,2,scored,70374,452588,1.742319607,fm_selected_refined,plans/case_023_2cores.json
case_023,3,scored,48756,456700,2.514849454,fm_selected_refined,plans/case_023_3cores.json
case_023,4,scored,38283,493568,3.202831544,fm_selected_refined,plans/case_023_4cores.json
case_023,5,scored,28261,429024,4.338629206,fm_5core_latest,plans/case_023_5cores.json
case_024,1,scored,2555343,0,1.000000000,singlecore,
case_024,2,scored,1982991,39328444,1.288630659,fm_selected_refined,plans/case_024_2cores.json
case_024,3,scored,1702699,39328444,1.500760264,fm_selected_refined,plans/case_024_3cores.json
case_024,4,scored,1678003,39328444,1.522847695,fm_selected_refined,plans/case_024_4cores.json
case_024,5,scored,1577416,39394004,1.619955040,fm_5core_latest,plans/case_024_5cores.json
case_025,1,scored,4863026,0,1.000000000,singlecore,
case_025,2,scored,2431840,27648,1.999731068,fm_selected_refined,plans/case_025_2cores.json
case_025,3,scored,1622164,55296,2.997863348,fm_selected_refined,plans/case_025_3cores.json
case_025,4,scored,1217444,82944,3.994455597,fm_selected_refined,plans/case_025_4cores.json
case_025,5,scored,975282,110592,4.986276790,fm_5core_latest,plans/case_025_5cores.json
case_026,1,scored,99203,0,1.000000000,singlecore,
case_026,2,scored,62502,859654,1.587197210,fm_selected_refined,plans/case_026_2cores.json
case_026,3,scored,42105,680096,2.356085976,fm_selected_refined,plans/case_026_3cores.json
case_026,4,scored,35574,751096,2.788637769,fm_selected_refined,plans/case_026_4cores.json
case_026,5,scored,34853,751096,2.846325998,fm_5core_latest,plans/case_026_5cores.json
case_027,1,scored,2363952,1400832,1.000000000,singlecore,
case_027,2,scored,1163600,7643136,2.031584737,fm_selected_refined,plans/case_027_2cores.json
case_027,3,scored,796705,7864320,2.967160994,fm_selected_refined,plans/case_027_3cores.json
case_027,4,scored,607113,8798208,3.893759481,fm_selected_refined,plans/case_027_4cores.json
case_027,5,scored,498454,9510912,4.742568020,fm_5core_latest,plans/case_027_5cores.json
case_028,1,scored,43836040,277412256,1.000000000,singlecore,
case_028,2,scored,20659410,336117456,2.121843751,fm_selected_refined,plans/case_028_2cores.json
case_028,3,scored,13854728,337683456,3.163976947,fm_selected_refined,plans/case_028_3cores.json
case_028,4,scored,11304627,340701696,3.877707774,fm_selected_refined,plans/case_028_4cores.json
case_028,5,scored,9214394,336190560,4.757343782,fm_5core_latest,plans/case_028_5cores.json
case_029,1,scored,37555,0,1.000000000,singlecore,
case_029,2,scored,19740,0,1.902482270,fm_selected_refined,plans/case_029_2cores.json
case_029,3,scored,12743,0,2.947108216,fm_selected_refined,plans/case_029_3cores.json
case_029,4,scored,11028,0,3.405422561,fm_selected_refined,plans/case_029_4cores.json
case_029,5,scored,9383,0,4.002451242,fm_5core_latest,plans/case_029_5cores.json
case_030,1,scored,2808034,5519360,1.000000000,singlecore,
case_030,2,scored,1399149,6877184,2.006958515,fm_selected_refined,plans/case_030_2cores.json
case_030,3,scored,933256,8949248,3.008857162,fm_selected_refined,plans/case_030_3cores.json
case_030,4,scored,698838,7811072,4.018147267,fm_selected_refined,plans/case_030_4cores.json
case_030,5,scored,559818,10368044,5.015976621,fm_5core_latest,plans/case_030_5cores.json
case_031,1,scored,1414369,3491328,1.000000000,singlecore,
case_031,2,scored,731665,10060474,1.933082763,fm_selected_refined,plans/case_031_2cores.json
case_031,3,scored,508837,14489670,2.779611152,fm_selected_refined,plans/case_031_3cores.json
case_031,4,scored,384995,14497798,3.673733425,fm_selected_refined,plans/case_031_4cores.json
case_031,5,scored,298556,13281792,4.737365854,fm_5core_latest,plans/case_031_5cores.json
case_032,1,scored,41443,0,1.000000000,singlecore,
case_032,2,scored,24376,127148,1.700155891,fm_selected_refined,plans/case_032_2cores.json
case_032,3,scored,16653,127152,2.488620669,fm_selected_refined,plans/case_032_3cores.json
case_032,4,scored,13086,127172,3.166972337,fm_selected_refined,plans/case_032_4cores.json
case_032,5,scored,10197,55440,4.064234579,fm_5core_latest,plans/case_032_5cores.json
case_033,1,scored,1774196,4592640,1.000000000,singlecore,
case_033,2,scored,890145,6214204,1.993153924,fm_selected_refined,plans/case_033_2cores.json
case_033,3,scored,588316,7891036,3.015719443,fm_selected_refined,plans/case_033_3cores.json
case_033,4,scored,466681,13533792,3.801731804,fm_selected_refined,plans/case_033_4cores.json
case_033,5,scored,370829,12826272,4.784404672,fm_5core_latest,plans/case_033_5cores.json
case_034,1,scored,842996,1079832,1.000000000,singlecore,
case_034,2,scored,417854,1651200,2.017441499,fm_selected_refined,plans/case_034_2cores.json
case_034,3,scored,278203,2906268,3.030147051,fm_selected_refined,plans/case_034_3cores.json
case_034,4,scored,206816,3338808,4.076067616,fm_selected_refined,plans/case_034_4cores.json
case_034,5,scored,166716,3567740,5.056479282,fm_5core_latest,plans/case_034_5cores.json
case_035,1,scored,169571,0,1.000000000,singlecore,
case_035,2,scored,103974,858996,1.630898109,fm_selected_refined,plans/case_035_2cores.json
case_035,3,scored,73391,998280,2.310514913,fm_selected_refined,plans/case_035_3cores.json
case_035,4,scored,59461,998318,2.851802021,fm_selected_refined,plans/case_035_4cores.json
case_035,5,scored,47601,924562,3.562341127,fm_5core_latest,plans/case_035_5cores.json
case_036,1,scored,931510,0,1.000000000,singlecore,
case_036,2,scored,466068,1152,1.998656848,fm_selected_refined,plans/case_036_2cores.json
case_036,3,scored,311345,2304,2.991890026,fm_selected_refined,plans/case_036_3cores.json
case_036,4,scored,233584,3456,3.987901569,fm_selected_refined,plans/case_036_4cores.json
case_036,5,scored,187182,4608,4.976493466,fm_5core_latest,plans/case_036_5cores.json
case_037,1,scored,210001,0,1.000000000,singlecore,
case_037,2,scored,105374,204800,1.992910965,fm_selected_refined,plans/case_037_2cores.json
case_037,3,scored,74038,1064960,2.836394824,fm_selected_refined,plans/case_037_3cores.json
case_037,4,scored,61640,1843200,3.406894873,fm_selected_refined,plans/case_037_4cores.json
case_037,5,scored,46592,1925120,4.507233001,fm_5core_latest,plans/case_037_5cores.json
case_038,1,scored,1364555,5627904,1.000000000,singlecore,
case_038,2,scored,677654,4032176,2.013645607,fm_selected_refined,plans/case_038_2cores.json
case_038,3,scored,452464,7173172,3.015831094,fm_selected_refined,plans/case_038_3cores.json
case_038,4,scored,340194,8652800,4.011108368,fm_selected_refined,plans/case_038_4cores.json
case_038,5,scored,273660,7967776,4.986315136,fm_5core_latest,plans/case_038_5cores.json
case_039,1,scored,1435262,7929856,1.000000000,singlecore,
case_039,2,scored,708561,11067392,2.025601183,fm_selected_refined,plans/case_039_2cores.json
case_039,3,scored,483917,14516224,2.965925975,fm_selected_refined,plans/case_039_3cores.json
case_039,4,scored,395323,17604608,3.630605859,fm_selected_refined,plans/case_039_4cores.json
case_039,5,scored,395323,17604608,3.630605859,fm_5core_latest,plans/case_039_5cores.json
case_040,1,scored,253454,0,1.000000000,singlecore,
case_040,2,scored,157507,1876968,1.609160228,fm_selected_refined,plans/case_040_2cores.json
case_040,3,scored,108737,1909732,2.330890129,fm_selected_refined,plans/case_040_3cores.json
case_040,4,scored,88819,1909732,2.853601144,fm_selected_refined,plans/case_040_4cores.json
case_040,5,scored,74782,1967088,3.389238052,fm_5core_latest,plans/case_040_5cores.json
case_041,1,scored,6003957,30898176,1.000000000,singlecore,
case_041,2,scored,3093537,64760832,1.940806591,fm_selected_refined,plans/case_041_2cores.json
case_041,3,scored,2065344,64760832,2.907000964,fm_selected_refined,plans/case_041_3cores.json
case_041,4,scored,1552262,64760832,3.867876042,fm_selected_refined,plans/case_041_4cores.json
case_041,5,scored,1201953,37154880,4.995167864,fm_5core_latest,plans/case_041_5cores.json
case_042,1,scored,1686740,6629376,1.000000000,singlecore,
case_042,2,scored,849765,6830380,1.984948780,fm_selected_refined,plans/case_042_2cores.json
case_042,3,scored,571060,8981068,2.953700137,fm_selected_refined,plans/case_042_3cores.json
case_042,4,scored,431409,8640364,3.909839619,fm_selected_refined,plans/case_042_4cores.json
case_042,5,scored,342779,10375020,4.920779861,fm_5core_latest,plans/case_042_5cores.json
case_043,1,scored,677656,49160,1.000000000,singlecore,
case_043,2,scored,373724,6070716,1.813252561,fm_selected_refined,plans/case_043_2cores.json
case_043,3,scored,253387,6070918,2.674391346,fm_selected_refined,plans/case_043_3cores.json
case_043,4,scored,193517,6068626,3.501790540,fm_selected_refined,plans/case_043_4cores.json
case_043,5,scored,165649,6117802,4.090915128,fm_5core_latest,plans/case_043_5cores.json
case_044,1,scored,154407,4438112,1.000000000,singlecore,
case_044,2,scored,120471,4933632,1.281694350,fm_selected_refined,plans/case_044_2cores.json
case_044,3,scored,154407,4438112,1.000000000,fm_selected_refined,plans/case_044_3cores.json
case_044,4,scored,154407,4438112,1.000000000,fm_selected_refined,plans/case_044_4cores.json
case_044,5,scored,120471,4933632,1.281694350,fm_5core_latest,plans/case_044_5cores.json
case_045,1,scored,125614,0,1.000000000,singlecore,
case_045,2,scored,63059,0,1.992007485,fm_selected_refined,plans/case_045_2cores.json
case_045,3,scored,42601,0,2.948616230,fm_selected_refined,plans/case_045_3cores.json
case_045,4,scored,31878,0,3.940460506,fm_selected_refined,plans/case_045_4cores.json
case_045,5,scored,26164,0,4.801024308,fm_5core_latest,plans/case_045_5cores.json
case_046,1,scored,276455,3176288,1.000000000,singlecore,
case_046,2,scored,198932,6815904,1.389695977,fm_selected_refined,plans/case_046_2cores.json
case_046,3,scored,164135,6832288,1.684314741,fm_selected_refined,plans/case_046_3cores.json
case_046,4,scored,163264,6889632,1.693300421,fm_selected_refined,plans/case_046_4cores.json
case_046,5,scored,126093,5869216,2.192469051,fm_5core_latest,plans/case_046_5cores.json
case_047,1,scored,326508,0,1.000000000,singlecore,
case_047,2,scored,188760,2350510,1.729752066,fm_selected_refined,plans/case_047_2cores.json
case_047,3,scored,133404,2350510,2.447512818,fm_selected_refined,plans/case_047_3cores.json
case_047,4,scored,110025,2350510,2.967580095,fm_selected_refined,plans/case_047_4cores.json
case_047,5,scored,101142,2357590,3.228213798,fm_5core_latest,plans/case_047_5cores.json
case_048,1,scored,222220,0,1.000000000,singlecore,
case_048,2,scored,136026,754102,1.633658271,fm_selected_refined,plans/case_048_2cores.json
case_048,3,scored,110877,754102,2.004202855,fm_selected_refined,plans/case_048_3cores.json
case_048,4,scored,110653,754102,2.008260056,fm_selected_refined,plans/case_048_4cores.json
case_048,5,scored,110863,754070,2.004455950,fm_5core_latest,plans/case_048_5cores.json
case_049,1,scored,196276,0,1.000000000,singlecore,
case_049,2,scored,113994,909396,1.721809920,fm_selected_refined,plans/case_049_2cores.json
case_049,3,scored,80179,909396,2.447972661,fm_selected_refined,plans/case_049_3cores.json
case_049,4,scored,62506,909396,3.140114549,fm_selected_refined,plans/case_049_4cores.json
case_049,5,scored,49513,927844,3.964130632,fm_5core_latest,plans/case_049_5cores.json
case_050,1,scored,149690,0,1.000000000,singlecore,
case_050,2,scored,87741,856822,1.706043925,fm_selected_refined,plans/case_050_2cores.json
case_050,3,scored,60341,856822,2.480734492,fm_selected_refined,plans/case_050_3cores.json
case_050,4,scored,47987,856822,3.119386501,fm_selected_refined,plans/case_050_4cores.json
case_050,5,scored,38173,856822,3.921358028,fm_5core_latest,plans/case_050_5cores.json
case_051,1,scored,607628,0,1.000000000,singlecore,
case_051,2,scored,473021,9045576,1.284568761,fm_selected_refined,plans/case_051_2cores.json
case_051,3,scored,405865,9045576,1.497118500,fm_selected_refined,plans/case_051_3cores.json
case_051,4,scored,398494,9045576,1.524810913,fm_selected_refined,plans/case_051_4cores.json
case_051,5,scored,371827,9111136,1.634168578,fm_5core_latest,plans/case_051_5cores.json
case_052,1,scored,180301,0,1.000000000,singlecore,
case_052,2,scored,90631,78336,1.989396564,fm_selected_refined,plans/case_052_2cores.json
case_052,3,scored,60338,156672,2.988183234,fm_selected_refined,plans/case_052_3cores.json
case_052,4,scored,46558,254976,3.872610507,fm_selected_refined,plans/case_052_4cores.json
case_052,5,scored,37440,328704,4.815731838,fm_5core_latest,plans/case_052_5cores.json
case_053,1,scored,1472686,5405536,1.000000000,singlecore,
case_053,2,scored,770329,12043054,1.911762377,fm_selected_refined,plans/case_053_2cores.json
case_053,3,scored,613387,16938606,2.400908399,fm_selected_refined,plans/case_053_3cores.json
case_053,4,scored,496278,16975470,2.967461786,fm_selected_refined,plans/case_053_4cores.json
case_053,5,scored,396676,11778378,3.712566427,fm_5core_latest,plans/case_053_5cores.json
case_054,1,scored,815051,0,1.000000000,singlecore,
case_054,2,scored,481576,6456382,1.692465987,fm_selected_refined,plans/case_054_2cores.json
case_054,3,scored,327557,6475432,2.488272270,fm_selected_refined,plans/case_054_3cores.json
case_054,4,scored,253926,6522534,3.209797343,fm_selected_refined,plans/case_054_4cores.json
case_054,5,scored,208726,6475432,3.904884873,fm_5core_latest,plans/case_054_5cores.json
case_055,1,scored,118835,69632,1.000000000,singlecore,
case_055,2,scored,71054,480284,1.672460382,fm_selected_refined,plans/case_055_2cores.json
case_055,3,scored,47809,343420,2.485619862,fm_selected_refined,plans/case_055_3cores.json
case_055,4,scored,38410,693380,3.093855767,fm_selected_refined,plans/case_055_4cores.json
case_055,5,scored,27856,247808,4.266046812,fm_5core_latest,plans/case_055_5cores.json
case_056,1,scored,277285,0,1.000000000,singlecore,
case_056,2,scored,160903,1500240,1.723305345,fm_selected_refined,plans/case_056_2cores.json
case_056,3,scored,108779,1500244,2.549067375,fm_selected_refined,plans/case_056_3cores.json
case_056,4,scored,84843,1500244,3.268213052,fm_selected_refined,plans/case_056_4cores.json
case_056,5,scored,72093,1610888,3.846212531,fm_5core_latest,plans/case_056_5cores.json
case_057,1,scored,59726,94216,1.000000000,singlecore,
case_057,2,scored,33930,113308,1.760271146,fm_selected_refined,plans/case_057_2cores.json
case_057,3,scored,24006,215772,2.487961343,fm_selected_refined,plans/case_057_3cores.json
case_057,4,scored,19010,326400,3.141820095,fm_selected_refined,plans/case_057_4cores.json
case_057,5,scored,14055,70272,4.249448595,fm_5core_latest,plans/case_057_5cores.json
case_058,1,scored,4539717,28696576,1.000000000,singlecore,
case_058,2,scored,2275721,96780288,1.994847787,fm_selected_refined,plans/case_058_2cores.json
case_058,3,scored,1554831,30400512,2.919749478,fm_selected_refined,plans/case_058_3cores.json
case_058,4,scored,1792969,96780288,2.531955098,fm_selected_refined,plans/case_058_4cores.json
case_058,5,scored,947140,33067008,4.793079165,fm_5core_latest,plans/case_058_5cores.json
case_059,1,scored,829473,1691648,1.000000000,singlecore,
case_059,2,scored,369318,360448,2.245958767,fm_selected_refined,plans/case_059_2cores.json
case_059,3,scored,254204,3889152,3.263021038,fm_selected_refined,plans/case_059_3cores.json
case_059,4,scored,185216,1081344,4.478408993,fm_selected_refined,plans/case_059_4cores.json
case_059,5,scored,150782,4325376,5.501140720,fm_5core_latest,plans/case_059_5cores.json
case_060,1,scored,888789,2068520,1.000000000,singlecore,
case_060,2,scored,439815,2694284,2.020824665,fm_selected_refined,plans/case_060_2cores.json
case_060,3,scored,287248,4170128,3.094152092,fm_selected_refined,plans/case_060_3cores.json
case_060,4,scored,216865,5593732,4.098351509,fm_selected_refined,plans/case_060_4cores.json
case_060,5,scored,173336,5890778,5.127549961,fm_5core_latest,plans/case_060_5cores.json
case_061,1,scored,77191,0,1.000000000,singlecore,
case_061,2,scored,52642,321024,1.466338665,fm_selected_refined,plans/case_061_2cores.json
case_061,3,scored,29468,75776,2.619485544,fm_selected_refined,plans/case_061_3cores.json
case_061,4,scored,23695,136220,3.257691496,fm_selected_refined,plans/case_061_4cores.json
case_061,5,scored,18449,168476,4.184020814,fm_5core_latest,plans/case_061_5cores.json
case_062,1,scored,2854809,0,1.000000000,singlecore,
case_062,2,scored,1450948,208896,1.967547424,fm_selected_refined,plans/case_062_2cores.json
case_062,3,scored,973351,322560,2.932969710,fm_selected_refined,plans/case_062_3cores.json
case_062,4,scored,744880,445440,3.832575717,fm_selected_refined,plans/case_062_4cores.json
case_062,5,scored,590505,651264,4.834521300,fm_5core_latest,plans/case_062_5cores.json
case_063,1,scored,1070397,0,1.000000000,singlecore,
case_063,2,scored,559279,313344,1.913887344,fm_selected_refined,plans/case_063_2cores.json
case_063,3,scored,375153,333312,2.853227883,fm_selected_refined,plans/case_063_3cores.json
case_063,4,scored,294489,313344,3.634760551,fm_selected_refined,plans/case_063_4cores.json
case_063,5,scored,230148,502272,4.650907242,fm_5core_latest,plans/case_063_5cores.json
case_064,1,scored,19116,0,1.000000000,singlecore,
case_064,2,scored,14829,108804,1.289095691,fm_selected_refined,plans/case_064_2cores.json
case_064,3,scored,12867,110844,1.485660993,fm_selected_refined,plans/case_064_3cores.json
case_064,4,scored,10061,110588,1.900009939,fm_selected_refined,plans/case_064_4cores.json
case_064,5,scored,10067,110652,1.898877521,fm_5core_latest,plans/case_064_5cores.json
case_065,1,scored,53068,0,1.000000000,singlecore,
case_065,2,scored,26960,13968,1.968397626,fm_selected_refined,plans/case_065_2cores.json
case_065,3,scored,18032,27936,2.942990240,fm_selected_refined,plans/case_065_3cores.json
case_065,4,scored,13910,41904,3.815097052,fm_selected_refined,plans/case_065_4cores.json
case_065,5,scored,11459,55872,4.631119644,fm_5core_latest,plans/case_065_5cores.json
case_066,1,scored,359070,0,1.000000000,singlecore,
case_066,2,scored,207814,2869864,1.727843167,fm_selected_refined,plans/case_066_2cores.json
case_066,3,scored,143679,2894824,2.499112605,fm_selected_refined,plans/case_066_3cores.json
case_066,4,scored,111653,2993516,3.215945832,fm_selected_refined,plans/case_066_4cores.json
case_066,5,scored,93682,2968552,3.832860101,fm_5core_latest,plans/case_066_5cores.json
case_067,1,scored,63834834,264449408,1.000000000,singlecore,
case_067,2,scored,32154146,268218624,1.985275367,fm_selected_refined,plans/case_067_2cores.json
case_067,3,scored,21848707,272664832,2.921675594,fm_selected_refined,plans/case_067_3cores.json
case_067,4,scored,18142652,271417600,3.518495201,fm_selected_refined,plans/case_067_4cores.json
case_067,5,scored,13538080,271446272,4.715205849,fm_5core_latest,plans/case_067_5cores.json
case_068,1,scored,362095,0,1.000000000,singlecore,
case_068,2,scored,204529,2833280,1.770384640,fm_selected_refined,plans/case_068_2cores.json
case_068,3,scored,142352,2839008,2.543659380,fm_selected_refined,plans/case_068_3cores.json
case_068,4,scored,123473,2931204,2.932584452,fm_selected_refined,plans/case_068_4cores.json
case_068,5,scored,107481,2831328,3.368921019,fm_5core_latest,plans/case_068_5cores.json
case_069,1,scored,25144,0,1.000000000,singlecore,
case_069,2,scored,16063,369646,1.565336488,fm_selected_refined,plans/case_069_2cores.json
case_069,3,scored,13111,378870,1.917778964,fm_selected_refined,plans/case_069_3cores.json
case_069,4,scored,12198,378870,2.061321528,fm_selected_refined,plans/case_069_4cores.json
case_069,5,scored,11294,379130,2.226314857,fm_5core_latest,plans/case_069_5cores.json
case_070,1,scored,117300,0,1.000000000,singlecore,
case_070,2,scored,62957,475572,1.863176454,fm_selected_refined,plans/case_070_2cores.json
case_070,3,scored,42844,517140,2.737839604,fm_selected_refined,plans/case_070_3cores.json
case_070,4,scored,32687,619028,3.588582617,fm_selected_refined,plans/case_070_4cores.json
case_070,5,scored,28605,707092,4.100681699,fm_5core_latest,plans/case_070_5cores.json
case_071,1,scored,18919,0,1.000000000,singlecore,
case_071,2,scored,13929,269414,1.358245387,fm_selected_refined,plans/case_071_2cores.json
case_071,3,scored,10618,276332,1.781785647,fm_selected_refined,plans/case_071_3cores.json
case_071,4,scored,10299,284492,1.836974464,fm_selected_refined,plans/case_071_4cores.json
case_071,5,scored,9292,286796,2.036052518,fm_5core_latest,plans/case_071_5cores.json
case_072,1,scored,23897828,108613680,1.000000000,singlecore,
case_072,2,scored,11808966,170568182,2.023701991,fm_selected_refined,plans/case_072_2cores.json
case_072,3,scored,8024971,187266868,2.977933254,fm_selected_refined,plans/case_072_3cores.json
case_072,4,scored,6162467,179739124,3.877964458,fm_selected_refined,plans/case_072_4cores.json
case_072,5,scored,4760408,175833776,5.020121805,fm_5core_latest,plans/case_072_5cores.json
case_073,1,scored,10081626,141570432,1.000000000,singlecore,
case_073,2,scored,5345198,142459136,1.886108990,fm_selected_refined,plans/case_073_2cores.json
case_073,3,scored,4102538,142982400,2.457411973,fm_selected_refined,plans/case_073_3cores.json
case_073,4,scored,3494503,142738176,2.884995663,fm_selected_refined,plans/case_073_4cores.json
case_073,5,scored,3147467,142766336,3.203091883,fm_5core_latest,plans/case_073_5cores.json
case_074,1,scored,1682239,6070280,1.000000000,singlecore,
case_074,2,scored,832078,7368768,2.021732338,fm_selected_refined,plans/case_074_2cores.json
case_074,3,scored,554427,7868428,3.034193861,fm_selected_refined,plans/case_074_3cores.json
case_074,4,scored,440324,14860358,3.820457209,fm_selected_refined,plans/case_074_4cores.json
case_074,5,scored,346262,14524436,4.858283612,fm_5core_latest,plans/case_074_5cores.json
case_075,1,scored,1441809,0,1.000000000,singlecore,
case_075,2,scored,777609,5313446,1.854156781,fm_selected_refined,plans/case_075_2cores.json
case_075,3,scored,612483,5182382,2.354039214,fm_selected_refined,plans/case_075_3cores.json
case_075,4,scored,450679,6286286,3.199192774,fm_selected_refined,plans/case_075_4cores.json
case_075,5,scored,374378,5477624,3.851211877,fm_5core_latest,plans/case_075_5cores.json
case_076,1,scored,6185113,28280832,1.000000000,singlecore,
case_076,2,scored,3219251,74277888,1.921289455,fm_selected_refined,plans/case_076_2cores.json
case_076,3,scored,2149950,74277888,2.876863648,fm_selected_refined,plans/case_076_3cores.json
case_076,4,scored,1614207,74277888,3.831672766,fm_selected_refined,plans/case_076_4cores.json
case_076,5,scored,1230196,34877056,5.027745985,fm_5core_latest,plans/case_076_5cores.json
case_077,1,scored,495320,0,1.000000000,singlecore,
case_077,2,scored,285294,1914430,1.736173912,fm_selected_refined,plans/case_077_2cores.json
case_077,3,scored,210984,4575462,2.347666174,fm_selected_refined,plans/case_077_3cores.json
case_077,4,scored,170903,4574822,2.898252225,fm_selected_refined,plans/case_077_4cores.json
case_077,5,scored,116609,1146880,4.247699577,fm_5core_latest,plans/case_077_5cores.json
case_078,1,scored,2296143,12644568,1.000000000,singlecore,
case_078,2,scored,1156404,15973248,1.985588946,fm_selected_refined,plans/case_078_2cores.json
case_078,3,scored,824672,16440192,2.784310611,fm_selected_refined,plans/case_078_3cores.json
case_078,4,scored,692441,19048320,3.316012483,fm_selected_refined,plans/case_078_4cores.json
case_078,5,scored,501700,15472512,4.576725135,fm_5core_latest,plans/case_078_5cores.json
case_079,1,scored,31052251,32448512,1.000000000,singlecore,
case_079,2,scored,15446486,31780864,2.010311666,fm_selected_refined,plans/case_079_2cores.json
case_079,3,scored,13407012,303845376,2.316120177,fm_selected_refined,plans/case_079_3cores.json
case_079,4,scored,7635624,30445568,4.066760097,fm_selected_refined,plans/case_079_4cores.json
case_079,5,scored,5971062,93081600,5.200456971,fm_5core_latest,plans/case_079_5cores.json
case_080,1,scored,292138,548864,1.000000000,singlecore,
case_080,2,scored,158516,5099520,1.842955916,fm_selected_refined,plans/case_080_2cores.json
case_080,3,scored,121403,5246976,2.406349102,fm_selected_refined,plans/case_080_3cores.json
case_080,4,scored,113522,4706304,2.573404274,fm_selected_refined,plans/case_080_4cores.json
case_080,5,scored,110379,4599808,2.646680981,fm_5core_latest,plans/case_080_5cores.json
case_081,1,scored,151795,0,1.000000000,singlecore,
case_081,2,scored,76860,0,1.974954463,fm_selected_refined,plans/case_081_2cores.json
case_081,3,scored,51943,0,2.922337947,fm_selected_refined,plans/case_081_3cores.json
case_081,4,scored,39588,0,3.834369001,fm_selected_refined,plans/case_081_4cores.json
case_081,5,scored,30943,0,4.905632938,fm_5core_latest,plans/case_081_5cores.json
case_082,1,scored,721041,0,1.000000000,singlecore,
case_082,2,scored,382166,2793426,1.886722000,fm_selected_refined,plans/case_082_2cores.json
case_082,3,scored,279263,3378822,2.581942470,fm_selected_refined,plans/case_082_3cores.json
case_082,4,scored,208387,3090666,3.460105477,fm_selected_refined,plans/case_082_4cores.json
case_082,5,scored,174135,3528498,4.140701180,fm_5core_latest,plans/case_082_5cores.json
case_083,1,scored,1057993,13934688,1.000000000,singlecore,
case_083,2,scored,585399,14832640,1.807302370,fm_selected_refined,plans/case_083_2cores.json
case_083,3,scored,645593,29054784,1.638792552,fm_selected_refined,plans/case_083_3cores.json
case_083,4,scored,595404,29054784,1.776932973,fm_selected_refined,plans/case_083_4cores.json
case_083,5,scored,372249,16244384,2.842164788,fm_5core_latest,plans/case_083_5cores.json
case_084,1,scored,2507412,0,1.000000000,singlecore,
case_084,2,scored,1254745,9216,1.998343887,fm_selected_refined,plans/case_084_2cores.json
case_084,3,scored,836116,18432,2.998880538,fm_selected_refined,plans/case_084_3cores.json
case_084,4,scored,629028,0,3.986169137,fm_selected_refined,plans/case_084_4cores.json
case_084,5,scored,503165,18432,4.983279839,fm_5core_latest,plans/case_084_5cores.json
case_085,1,scored,3187899,0,1.000000000,singlecore,
case_085,2,scored,1659157,12673638,1.921396830,fm_selected_refined,plans/case_085_2cores.json
case_085,3,scored,1115940,12706374,2.856693908,fm_selected_refined,plans/case_085_3cores.json
case_085,4,scored,881083,12721718,3.618159697,fm_selected_refined,plans/case_085_4cores.json
case_085,5,scored,732156,12732474,4.354125350,fm_5core_latest,plans/case_085_5cores.json
case_086,1,scored,118403,0,1.000000000,singlecore,
case_086,2,scored,69735,1889702,1.697899190,fm_selected_refined,plans/case_086_2cores.json
case_086,3,scored,51680,1889702,2.291079721,fm_selected_refined,plans/case_086_3cores.json
case_086,4,scored,43649,1889702,2.712616555,fm_selected_refined,plans/case_086_4cores.json
case_086,5,scored,42008,1899752,2.818582175,fm_5core_latest,plans/case_086_5cores.json
case_087,1,scored,3974071,7902720,1.000000000,singlecore,
case_087,2,scored,2032510,21535524,1.955252865,fm_selected_refined,plans/case_087_2cores.json
case_087,3,scored,1395716,37624292,2.847334988,fm_selected_refined,plans/case_087_3cores.json
case_087,4,scored,1061877,37679656,3.742496542,fm_selected_refined,plans/case_087_4cores.json
case_087,5,scored,865019,37638676,4.594200821,fm_5core_latest,plans/case_087_5cores.json
case_088,1,scored,243623,0,1.000000000,singlecore,
case_088,2,scored,139915,2095148,1.741221456,fm_selected_refined,plans/case_088_2cores.json
case_088,3,scored,99888,2156612,2.438961637,fm_selected_refined,plans/case_088_3cores.json
case_088,4,scored,91013,2230364,2.676793425,fm_selected_refined,plans/case_088_4cores.json
case_088,5,scored,79402,2157382,3.068222463,fm_5core_latest,plans/case_088_5cores.json
case_089,1,scored,693092,0,1.000000000,singlecore,
case_089,2,scored,346832,238720,1.998350787,fm_selected_refined,plans/case_089_2cores.json
case_089,3,scored,243614,477440,2.845041746,fm_selected_refined,plans/case_089_3cores.json
case_089,4,scored,178160,716160,3.890278401,fm_selected_refined,plans/case_089_4cores.json
case_089,5,scored,147432,954880,4.701096099,fm_5core_latest,plans/case_089_5cores.json
case_090,1,scored,1178363,21233592,1.000000000,singlecore,
case_090,2,scored,724158,25991424,1.627218093,fm_selected_refined,plans/case_090_2cores.json
case_090,3,scored,614940,26036352,1.916224347,fm_selected_refined,plans/case_090_3cores.json
case_090,4,scored,571258,26051328,2.062750981,fm_selected_refined,plans/case_090_4cores.json
case_090,5,scored,492093,25931520,2.394594111,fm_5core_latest,plans/case_090_5cores.json
case_091,1,scored,9186769,53947008,1.000000000,singlecore,
case_091,2,scored,4634582,111883264,1.982221698,fm_selected_refined,plans/case_091_2cores.json
case_091,3,scored,3102638,111883264,2.960954194,fm_selected_refined,plans/case_091_3cores.json
case_091,4,scored,2353518,112055308,3.903419902,fm_selected_refined,plans/case_091_4cores.json
case_091,5,scored,1912494,72376332,4.803554416,fm_5core_latest,plans/case_091_5cores.json
case_092,1,scored,4815554,66000096,1.000000000,singlecore,
case_092,2,scored,2821724,131186400,1.706599937,fm_selected_refined,plans/case_092_2cores.json
case_092,3,scored,2130538,66920928,2.260252575,fm_selected_refined,plans/case_092_3cores.json
case_092,4,scored,1927728,67180384,2.498046405,fm_selected_refined,plans/case_092_4cores.json
case_092,5,scored,1550344,67627744,3.106119674,fm_5core_latest,plans/case_092_5cores.json
case_093,1,scored,74205,0,1.000000000,singlecore,
case_093,2,scored,37827,8192,1.961694028,fm_selected_refined,plans/case_093_2cores.json
case_093,3,scored,25103,16384,2.956021193,fm_selected_refined,plans/case_093_3cores.json
case_093,4,scored,19779,24576,3.751706355,fm_selected_refined,plans/case_093_4cores.json
case_093,5,scored,15876,32768,4.674036281,fm_5core_latest,plans/case_093_5cores.json
case_094,1,scored,94892,0,1.000000000,singlecore,
case_094,2,scored,47153,151328,2.012427629,fm_selected_refined,plans/case_094_2cores.json
case_094,3,scored,32381,220752,2.930483926,fm_selected_refined,plans/case_094_3cores.json
case_094,4,scored,29219,595008,3.247612855,fm_selected_refined,plans/case_094_4cores.json
case_094,5,scored,23598,595296,4.021188236,fm_5core_latest,plans/case_094_5cores.json
case_095,1,scored,2084853,0,1.000000000,singlecore,
case_095,2,scored,1042787,36864,1.999308584,fm_selected_refined,plans/case_095_2cores.json
case_095,3,scored,695775,0,2.996447127,fm_selected_refined,plans/case_095_3cores.json
case_095,4,scored,524422,0,3.975525436,fm_selected_refined,plans/case_095_4cores.json
case_095,5,scored,420749,36864,4.955099121,fm_5core_latest,plans/case_095_5cores.json
case_096,1,scored,84194,0,1.000000000,singlecore,
case_096,2,scored,52610,833966,1.600342140,fm_selected_refined,plans/case_096_2cores.json
case_096,3,scored,30933,310958,2.721818123,fm_selected_refined,plans/case_096_3cores.json
case_096,4,scored,25267,260786,3.332172399,fm_selected_refined,plans/case_096_4cores.json
case_096,5,scored,19703,330226,4.273156372,fm_5core_latest,plans/case_096_5cores.json
case_097,1,scored,11491509,10584064,1.000000000,singlecore,
case_097,2,scored,5238534,32989184,2.193649788,fm_selected_refined,plans/case_097_2cores.json
case_097,3,scored,3557451,35987456,3.230264872,fm_selected_refined,plans/case_097_3cores.json
case_097,4,scored,2665324,36055040,4.311486709,fm_selected_refined,plans/case_097_4cores.json
case_097,5,scored,2104506,29966336,5.460430619,fm_5core_latest,plans/case_097_5cores.json
case_098,1,scored,177430,0,1.000000000,singlecore,
case_098,2,scored,98812,909430,1.795632109,fm_selected_refined,plans/case_098_2cores.json
case_098,3,scored,66304,749690,2.676007481,fm_selected_refined,plans/case_098_3cores.json
case_098,4,scored,53280,798842,3.330142643,fm_selected_refined,plans/case_098_4cores.json
case_098,5,scored,43354,716908,4.092586613,fm_5core_latest,plans/case_098_5cores.json
case_099,1,scored,1622999,5484544,1.000000000,singlecore,
case_099,2,scored,811392,7303168,2.000264977,fm_selected_refined,plans/case_099_2cores.json
case_099,3,scored,541765,7999488,2.995762000,fm_selected_refined,plans/case_099_3cores.json
case_099,4,scored,410213,9666568,3.956478707,fm_selected_refined,plans/case_099_4cores.json
case_099,5,scored,331403,10842128,4.897357598,fm_5core_latest,plans/case_099_5cores.json
case_100,1,scored,151223,0,1.000000000,singlecore,
case_100,2,scored,82089,443648,1.842183484,fm_selected_refined,plans/case_100_2cores.json
case_100,3,scored,56062,1035376,2.697424280,fm_selected_refined,plans/case_100_3cores.json
case_100,4,scored,43243,1046088,3.497051546,fm_selected_refined,plans/case_100_4cores.json
case_100,5,scored,41039,1023552,3.684860742,fm_5core_latest,plans/case_100_5cores.json
