case,cores,status,selected_source,v1_makespan,v2_final_makespan,reduction_cycles,reduction_pct,v1_added_copy_bytes,v2_final_added_copy_bytes,v1_cache_hit_rate,v2_final_cache_hit_rate,additional_official_evaluations
case_001,1,scored,V1_ORIGINAL_UNCHANGED,233110,233110,0,0.000000,0,0,0.000000000,0.000000000,0
case_001,2,scored,V1_ORIGINAL_UNCHANGED,116868,116868,0,0.000000,1152,1152,0.000000000,0.000000000,0
case_001,3,scored,V1_ORIGINAL_UNCHANGED,78545,78545,0,0.000000,2304,2304,0.000000000,0.000000000,0
case_001,4,scored,V1_ORIGINAL_UNCHANGED,58984,58984,0,0.000000,3456,3456,0.000000000,0.000000000,0
case_001,5,scored,V1_ORIGINAL_UNCHANGED,47502,47502,0,0.000000,4608,4608,0.000000000,0.000000000,0
case_002,1,scored,V1_ORIGINAL_UNCHANGED,261945,261945,0,0.000000,0,0,0.000000000,0.000000000,0
case_002,2,scored,V1_ORIGINAL_UNCHANGED,132664,132664,0,0.000000,273408,273408,0.000000000,0.000000000,4
case_002,3,scored,V2_FEEDBACK_SEARCH,89603,88871,732,0.816937,331776,334848,0.000000000,0.000000000,4
case_002,4,scored,V2_FEEDBACK_SEARCH,68778,67470,1308,1.901771,384000,384000,0.000000000,0.000000000,4
case_002,5,scored,V1_ORIGINAL_UNCHANGED,54733,54733,0,0.000000,122880,122880,0.000000000,0.000000000,4
case_003,1,scored,V1_ORIGINAL_UNCHANGED,602212,602212,0,0.000000,0,0,0.000000000,0.000000000,0
case_003,2,scored,V2_FEEDBACK_SEARCH,312938,312318,620,0.198122,1340362,1340362,0.211832690,0.211832690,4
case_003,3,scored,V1_ORIGINAL_UNCHANGED,212524,212524,0,0.000000,2286872,2286872,0.311427748,0.311427748,4
case_003,4,scored,V1_ORIGINAL_UNCHANGED,170789,170789,0,0.000000,3378264,3378264,0.424392547,0.424392547,4
case_003,5,scored,V1_ORIGINAL_UNCHANGED,135891,135891,0,0.000000,4514724,4514724,0.513441359,0.513441359,4
case_004,1,scored,V1_ORIGINAL_UNCHANGED,392357,392357,0,0.000000,0,0,0.000000000,0.000000000,0
case_004,2,scored,V1_ORIGINAL_UNCHANGED,199074,199074,0,0.000000,110592,110592,0.000000000,0.000000000,0
case_004,3,scored,V1_ORIGINAL_UNCHANGED,134043,134043,0,0.000000,221184,221184,0.000000000,0.000000000,0
case_004,4,scored,V1_ORIGINAL_UNCHANGED,104188,104188,0,0.000000,331776,331776,0.000000000,0.000000000,2
case_004,5,scored,V1_ORIGINAL_UNCHANGED,88341,88341,0,0.000000,442368,442368,0.000000000,0.000000000,2
case_005,1,scored,V1_ORIGINAL_UNCHANGED,95618,95618,0,0.000000,0,0,0.000000000,0.000000000,0
case_005,2,scored,V1_ORIGINAL_UNCHANGED,50595,50595,0,0.000000,490118,490118,0.118913242,0.118913242,4
case_005,3,scored,V2_FEEDBACK_SEARCH,36413,36409,4,0.010985,813578,813578,0.388904700,0.409721093,4
case_005,4,scored,V1_ORIGINAL_UNCHANGED,30360,30360,0,0.000000,1211728,1211728,0.331656571,0.331656571,4
case_005,5,scored,V1_ORIGINAL_UNCHANGED,27941,27941,0,0.000000,1416726,1416726,0.309851974,0.309851974,4
case_006,1,scored,V1_ORIGINAL_UNCHANGED,82837,82837,0,0.000000,16400,16400,0.029275126,0.029275126,0
case_006,2,scored,V1_ORIGINAL_UNCHANGED,38939,38939,0,0.000000,150472,150472,0.216808419,0.216808419,4
case_006,3,scored,V1_ORIGINAL_UNCHANGED,26504,26504,0,0.000000,352612,352612,0.393516152,0.393516152,4
case_006,4,scored,V2_FEEDBACK_SEARCH,20793,20792,1,0.004809,334068,334068,0.380681520,0.380681520,4
case_006,5,scored,V1_ORIGINAL_UNCHANGED,17666,17666,0,0.000000,422428,422428,0.363912537,0.363912537,4
case_007,1,scored,V1_ORIGINAL_UNCHANGED,1012562,1012562,0,0.000000,0,0,0.000000000,0.000000000,0
case_007,2,scored,V1_ORIGINAL_UNCHANGED,507494,507494,0,0.000000,27648,27648,0.000000000,0.000000000,0
case_007,3,scored,V1_ORIGINAL_UNCHANGED,338094,338094,0,0.000000,55296,55296,0.000000000,0.000000000,0
case_007,4,scored,V1_ORIGINAL_UNCHANGED,254398,254398,0,0.000000,82944,82944,0.000000000,0.000000000,0
case_007,5,scored,V1_ORIGINAL_UNCHANGED,203834,203834,0,0.000000,110592,110592,0.000000000,0.000000000,0
case_008,1,scored,V1_ORIGINAL_UNCHANGED,487605,487605,0,0.000000,0,0,0.000000000,0.000000000,0
case_008,2,scored,V1_ORIGINAL_UNCHANGED,244266,244266,0,0.000000,0,0,0.000000000,0.000000000,0
case_008,3,scored,V1_ORIGINAL_UNCHANGED,163359,163359,0,0.000000,0,0,0.000000000,0.000000000,0
case_008,4,scored,V1_ORIGINAL_UNCHANGED,123060,123060,0,0.000000,0,0,0.000000000,0.000000000,0
case_008,5,scored,V1_ORIGINAL_UNCHANGED,100603,100603,0,0.000000,0,0,0.000000000,0.000000000,2
case_009,1,scored,V1_ORIGINAL_UNCHANGED,153261,153261,0,0.000000,0,0,0.000000000,0.000000000,0
case_009,2,scored,V1_ORIGINAL_UNCHANGED,81008,81008,0,0.000000,379766,379766,0.216185949,0.216185949,4
case_009,3,scored,V2_FEEDBACK_SEARCH,55935,55873,62,0.110843,524498,524498,0.279043842,0.306251526,4
case_009,4,scored,V2_FEEDBACK_SEARCH,42828,42733,95,0.221818,686002,686002,0.305379075,0.354141947,4
case_009,5,scored,V1_ORIGINAL_UNCHANGED,36062,36062,0,0.000000,740232,740232,0.419097156,0.419097156,4
case_010,1,scored,V1_ORIGINAL_UNCHANGED,86969,86969,0,0.000000,0,0,0.000000000,0.000000000,0
case_010,2,scored,V1_ORIGINAL_UNCHANGED,43413,43413,0,0.000000,259252,259252,0.389460880,0.389460880,4
case_010,3,scored,V2_FEEDBACK_SEARCH,29785,29061,724,2.430754,263364,263364,0.390551157,0.390551157,4
case_010,4,scored,V1_ORIGINAL_UNCHANGED,23574,23574,0,0.000000,362832,362832,0.411282929,0.411282929,4
case_010,5,scored,V2_FEEDBACK_SEARCH,20799,20796,3,0.014424,348260,348260,0.393898810,0.393898810,4
case_011,1,scored,V1_ORIGINAL_UNCHANGED,184697,184697,0,0.000000,0,0,0.000000000,0.000000000,0
case_011,2,scored,V1_ORIGINAL_UNCHANGED,92646,92646,0,0.000000,180224,180224,0.000000000,0.000000000,0
case_011,3,scored,V1_ORIGINAL_UNCHANGED,62358,62358,0,0.000000,888832,888832,0.525373134,0.525373134,4
case_011,4,scored,V1_ORIGINAL_UNCHANGED,46880,46880,0,0.000000,540672,540672,0.000000000,0.000000000,4
case_011,5,scored,V1_ORIGINAL_UNCHANGED,38015,38015,0,0.000000,1927168,1927168,0.507650765,0.507650765,4
case_012,1,scored,V1_ORIGINAL_UNCHANGED,59088,59088,0,0.000000,0,0,0.000000000,0.000000000,0
case_012,2,scored,V2_FEEDBACK_SEARCH,25147,24883,264,1.049827,60120,60120,0.088852544,0.088852544,4
case_012,3,scored,V2_FEEDBACK_SEARCH,17981,17653,328,1.824148,124336,124336,0.154601840,0.154601840,4
case_012,4,scored,V1_ORIGINAL_UNCHANGED,14496,14496,0,0.000000,117412,117412,0.118267194,0.118267194,4
case_012,5,scored,V2_FEEDBACK_SEARCH,12365,12132,233,1.884351,118056,118056,0.100809419,0.115993756,4
case_013,1,scored,V1_ORIGINAL_UNCHANGED,263949,263949,0,0.000000,0,0,0.000000000,0.000000000,0
case_013,2,scored,V1_ORIGINAL_UNCHANGED,132198,132198,0,0.000000,8192,8192,0.000000000,0.000000000,0
case_013,3,scored,V1_ORIGINAL_UNCHANGED,88351,88351,0,0.000000,16384,16384,0.000000000,0.000000000,0
case_013,4,scored,V1_ORIGINAL_UNCHANGED,66982,66982,0,0.000000,24576,24576,0.000000000,0.000000000,0
case_013,5,scored,V1_ORIGINAL_UNCHANGED,54363,54363,0,0.000000,32768,32768,0.000000000,0.000000000,0
case_014,1,scored,V1_ORIGINAL_UNCHANGED,17689602,17689602,0,0.000000,71010720,71010720,0.122910255,0.122910255,0
case_014,2,scored,V1_ORIGINAL_UNCHANGED,8888616,8888616,0,0.000000,71757240,71757240,0.228080414,0.228080414,0
case_014,3,scored,V1_ORIGINAL_UNCHANGED,5978462,5978462,0,0.000000,77714952,77714952,0.281707361,0.281707361,0
case_014,4,scored,V1_ORIGINAL_UNCHANGED,4503996,4503996,0,0.000000,82627992,82627992,0.153171613,0.153171613,0
case_014,5,scored,V1_ORIGINAL_UNCHANGED,3649717,3649717,0,0.000000,88238376,88238376,0.290882398,0.290882398,0
case_015,1,scored,V1_ORIGINAL_UNCHANGED,177362,177362,0,0.000000,180256,180256,0.169268598,0.169268598,0
case_015,2,scored,V2_FEEDBACK_SEARCH,85554,83464,2090,2.442902,504212,504212,0.294115210,0.294115210,4
case_015,3,scored,V2_FEEDBACK_SEARCH,57691,56817,874,1.514968,966312,966312,0.383599129,0.400941330,4
case_015,4,scored,V2_FEEDBACK_SEARCH,43564,43270,294,0.674869,1121236,1121236,0.396065544,0.378283869,4
case_015,5,scored,V2_FEEDBACK_SEARCH,39462,39127,335,0.848918,1438988,1438988,0.476212066,0.491465540,4
case_016,1,scored,V1_ORIGINAL_UNCHANGED,7715523,7715523,0,0.000000,0,0,0.000000000,0.000000000,0
case_016,2,scored,V1_ORIGINAL_UNCHANGED,4659199,4659199,0,0.000000,400528,400528,0.497686334,0.497686334,0
case_016,3,scored,V1_ORIGINAL_UNCHANGED,3871360,3871360,0,0.000000,402992,402992,0.497679826,0.497679826,0
case_016,4,scored,V1_ORIGINAL_UNCHANGED,3378874,3378874,0,0.000000,439384,439384,0.517253905,0.517253905,0
case_016,5,scored,V1_ORIGINAL_UNCHANGED,2086359,2086359,0,0.000000,214900,214900,0.331288712,0.331288712,0
case_017,1,scored,V1_ORIGINAL_UNCHANGED,162810,162810,0,0.000000,22528,22528,0.040398389,0.040398389,0
case_017,2,scored,V1_ORIGINAL_UNCHANGED,77061,77061,0,0.000000,87552,87552,0.061669905,0.061669905,4
case_017,3,scored,V1_ORIGINAL_UNCHANGED,48509,48509,0,0.000000,314432,314432,0.170544013,0.170544013,4
case_017,4,scored,V2_FEEDBACK_SEARCH,37968,37908,60,0.158028,500624,500624,0.125623451,0.130566013,4
case_017,5,scored,V1_ORIGINAL_UNCHANGED,31310,31310,0,0.000000,696160,696160,0.224312090,0.224312090,4
case_018,1,scored,V1_ORIGINAL_UNCHANGED,1003110,1003110,0,0.000000,1970176,1970176,0.343750316,0.343750316,0
case_018,2,scored,V2_FEEDBACK_SEARCH,499576,499531,45,0.009008,6304768,6304768,0.256335121,0.260069063,4
case_018,3,scored,V1_ORIGINAL_UNCHANGED,334741,334741,0,0.000000,7473152,7473152,0.376545645,0.376545645,4
case_018,4,scored,V2_FEEDBACK_SEARCH,252721,251490,1231,0.487098,8678528,8678528,0.469030464,0.471858690,4
case_018,5,scored,V2_FEEDBACK_SEARCH,206528,200049,6479,3.137105,5017608,5017608,0.543431666,0.549008502,3
case_019,1,scored,V1_ORIGINAL_UNCHANGED,81144,81144,0,0.000000,0,0,0.000000000,0.000000000,0
case_019,2,scored,V1_ORIGINAL_UNCHANGED,39408,39408,0,0.000000,30244,30244,0.130641764,0.130641764,4
case_019,3,scored,V2_FEEDBACK_SEARCH,27240,27016,224,0.822320,74824,74824,0.155648151,0.155648151,4
case_019,4,scored,V2_FEEDBACK_SEARCH,20966,20556,410,1.955547,224616,224616,0.171308890,0.171308890,4
case_019,5,scored,V1_ORIGINAL_UNCHANGED,15947,15947,0,0.000000,207492,207492,0.258720304,0.258720304,4
case_020,1,scored,V1_ORIGINAL_UNCHANGED,532746,532746,0,0.000000,0,0,0.000000000,0.000000000,0
case_020,2,scored,V1_ORIGINAL_UNCHANGED,266580,266580,0,0.000000,0,0,0.000000000,0.000000000,0
case_020,3,scored,V1_ORIGINAL_UNCHANGED,177950,177950,0,0.000000,0,0,0.000000000,0.000000000,0
case_020,4,scored,V1_ORIGINAL_UNCHANGED,133704,133704,0,0.000000,0,0,0.000000000,0.000000000,0
case_020,5,scored,V1_ORIGINAL_UNCHANGED,107650,107650,0,0.000000,0,0,0.000000000,0.000000000,0
case_021,1,scored,V1_ORIGINAL_UNCHANGED,6558837,6558837,0,0.000000,4501504,4501504,0.500597372,0.500597372,0
case_021,2,scored,V2_FEEDBACK_SEARCH,3148081,3147098,983,0.031225,5115904,5115904,0.250000000,0.280590717,4
case_021,3,scored,V2_FEEDBACK_SEARCH,2119212,2119160,52,0.002454,8863744,8863744,0.547467007,0.557684121,4
case_021,4,scored,V2_FEEDBACK_SEARCH,1552549,1550324,2225,0.143313,5591040,5591040,0.313291139,0.301898734,4
case_021,5,scored,V1_ORIGINAL_UNCHANGED,1241164,1241164,0,0.000000,7526400,7526400,0.539689119,0.539689119,4
case_022,1,scored,V1_ORIGINAL_UNCHANGED,56780,56780,0,0.000000,0,0,0.000000000,0.000000000,0
case_022,2,scored,V2_FEEDBACK_SEARCH,28318,28285,33,0.116534,37648,37648,0.149820846,0.149820846,4
case_022,3,scored,V2_FEEDBACK_SEARCH,18899,18848,51,0.269856,23064,23064,0.097399743,0.097399743,4
case_022,4,scored,V1_ORIGINAL_UNCHANGED,14372,14372,0,0.000000,49968,49968,0.189476401,0.189476401,4
case_022,5,scored,V1_ORIGINAL_UNCHANGED,11476,11476,0,0.000000,20736,20736,0.088510987,0.088510987,4
case_023,1,scored,V1_ORIGINAL_UNCHANGED,122614,122614,0,0.000000,0,0,0.000000000,0.000000000,0
case_023,2,scored,V1_ORIGINAL_UNCHANGED,59594,59594,0,0.000000,148908,148908,0.161392667,0.161392667,4
case_023,3,scored,V2_FEEDBACK_SEARCH,40728,40676,52,0.127676,228948,228948,0.089868454,0.089868454,4
case_023,4,scored,V1_ORIGINAL_UNCHANGED,32086,32086,0,0.000000,331480,331480,0.035162567,0.035162567,4
case_023,5,scored,V2_FEEDBACK_SEARCH,25352,24770,582,2.295677,355680,355680,0.127886866,0.127886866,4
case_024,1,scored,V1_ORIGINAL_UNCHANGED,2555343,2555343,0,0.000000,0,0,0.000000000,0.000000000,0
case_024,2,scored,V1_ORIGINAL_UNCHANGED,1543307,1543307,0,0.000000,396032,396032,0.499106418,0.499106418,4
case_024,3,scored,V1_ORIGINAL_UNCHANGED,1276684,1276684,0,0.000000,396464,396464,0.499223405,0.499223405,4
case_024,4,scored,V1_ORIGINAL_UNCHANGED,1116704,1116704,0,0.000000,528708,528708,0.570490392,0.570490392,1
case_024,5,scored,V1_ORIGINAL_UNCHANGED,861730,861730,0,0.000000,332524,332524,0.453852939,0.453852939,0
case_025,1,scored,V1_ORIGINAL_UNCHANGED,4863026,4863026,0,0.000000,0,0,0.000000000,0.000000000,0
case_025,2,scored,V1_ORIGINAL_UNCHANGED,2431840,2431840,0,0.000000,27648,27648,0.000000000,0.000000000,0
case_025,3,scored,V1_ORIGINAL_UNCHANGED,1622164,1622164,0,0.000000,55296,55296,0.000000000,0.000000000,0
case_025,4,scored,V1_ORIGINAL_UNCHANGED,1217444,1217444,0,0.000000,82944,82944,0.000000000,0.000000000,0
case_025,5,scored,V1_ORIGINAL_UNCHANGED,975282,975282,0,0.000000,110592,110592,0.000000000,0.000000000,0
case_026,1,scored,V1_ORIGINAL_UNCHANGED,99203,99203,0,0.000000,0,0,0.000000000,0.000000000,0
case_026,2,scored,V2_FEEDBACK_SEARCH,49119,47477,1642,3.342902,169436,169436,0.257317333,0.257317333,4
case_026,3,scored,V2_FEEDBACK_SEARCH,35351,35169,182,0.514837,612992,612992,0.430399081,0.430399081,4
case_026,4,scored,V2_FEEDBACK_SEARCH,25696,25618,78,0.303549,471672,471672,0.303104904,0.313543749,4
case_026,5,scored,V1_ORIGINAL_UNCHANGED,22583,22583,0,0.000000,517176,517176,0.306877846,0.306877846,4
case_027,1,scored,V1_ORIGINAL_UNCHANGED,2359515,2359515,0,0.000000,1400832,1400832,0.268939394,0.268939394,0
case_027,2,scored,V1_ORIGINAL_UNCHANGED,1115722,1115722,0,0.000000,1105920,1105920,0.000000000,0.000000000,4
case_027,3,scored,V1_ORIGINAL_UNCHANGED,747265,747265,0,0.000000,8491008,8491008,0.287385845,0.287385845,4
case_027,4,scored,V1_ORIGINAL_UNCHANGED,559196,559196,0,0.000000,3317760,3317760,0.000000000,0.000000000,4
case_027,5,scored,V1_ORIGINAL_UNCHANGED,450393,450393,0,0.000000,11208704,11208704,0.289504305,0.289504305,4
case_028,1,scored,V1_ORIGINAL_UNCHANGED,43836040,43836040,0,0.000000,277412256,277412256,0.000000000,0.000000000,0
case_028,2,scored,V1_ORIGINAL_UNCHANGED,20996827,20996827,0,0.000000,203536512,203536512,0.806558243,0.806558243,0
case_028,3,scored,V1_ORIGINAL_UNCHANGED,14736544,14736544,0,0.000000,257422848,257422848,0.310961168,0.310961168,0
case_028,4,scored,V1_ORIGINAL_UNCHANGED,10364274,10364274,0,0.000000,173640576,173640576,0.908517338,0.908517338,0
case_028,5,scored,V1_ORIGINAL_UNCHANGED,8374114,8374114,0,0.000000,176191488,176191488,0.891816620,0.891816620,0
case_029,1,scored,V1_ORIGINAL_UNCHANGED,37555,37555,0,0.000000,0,0,0.000000000,0.000000000,0
case_029,2,scored,V1_ORIGINAL_UNCHANGED,19740,19740,0,0.000000,0,0,0.000000000,0.000000000,2
case_029,3,scored,V1_ORIGINAL_UNCHANGED,12743,12743,0,0.000000,0,0,0.000000000,0.000000000,0
case_029,4,scored,V1_ORIGINAL_UNCHANGED,10206,10206,0,0.000000,92280,92280,0.263049733,0.263049733,4
case_029,5,scored,V1_ORIGINAL_UNCHANGED,8689,8689,0,0.000000,159952,159952,0.382180966,0.382180966,4
case_030,1,scored,V1_ORIGINAL_UNCHANGED,2807891,2807891,0,0.000000,5519360,5519360,0.259867995,0.259867995,0
case_030,2,scored,V1_ORIGINAL_UNCHANGED,1398912,1398912,0,0.000000,6877184,6877184,0.415221474,0.415221474,0
case_030,3,scored,V1_ORIGINAL_UNCHANGED,932283,932283,0,0.000000,8949248,8949248,0.521419221,0.521419221,0
case_030,4,scored,V1_ORIGINAL_UNCHANGED,698674,698674,0,0.000000,7811072,7811072,0.529453086,0.529453086,0
case_030,5,scored,V1_ORIGINAL_UNCHANGED,560766,560766,0,0.000000,10660864,10660864,0.552008158,0.552008158,0
case_031,1,scored,V1_ORIGINAL_UNCHANGED,1414159,1414159,0,0.000000,3491328,3491328,0.260593628,0.260593628,0
case_031,2,scored,V1_ORIGINAL_UNCHANGED,704615,704615,0,0.000000,6050214,6050214,0.267428087,0.267428087,4
case_031,3,scored,V1_ORIGINAL_UNCHANGED,468744,468744,0,0.000000,9956524,9956524,0.296405655,0.296405655,4
case_031,4,scored,V2_FEEDBACK_SEARCH,351511,351367,144,0.040966,13432720,13432720,0.380486739,0.382769904,4
case_031,5,scored,V2_FEEDBACK_SEARCH,286691,285331,1360,0.474378,7924224,7924224,0.492143866,0.505514864,4
case_032,1,scored,V1_ORIGINAL_UNCHANGED,41443,41443,0,0.000000,0,0,0.000000000,0.000000000,0
case_032,2,scored,V1_ORIGINAL_UNCHANGED,17551,17551,0,0.000000,71832,71832,0.204451942,0.204451942,4
case_032,3,scored,V1_ORIGINAL_UNCHANGED,11925,11925,0,0.000000,12364,12364,0.042398754,0.042398754,4
case_032,4,scored,V1_ORIGINAL_UNCHANGED,9786,9786,0,0.000000,20636,20636,0.061964201,0.061964201,4
case_032,5,scored,V1_ORIGINAL_UNCHANGED,8645,8645,0,0.000000,143652,143652,0.320125658,0.320125658,4
case_033,1,scored,V1_ORIGINAL_UNCHANGED,1774080,1774080,0,0.000000,4592640,4592640,0.096276924,0.096276924,0
case_033,2,scored,V1_ORIGINAL_UNCHANGED,890312,890312,0,0.000000,6650400,6650400,0.193241380,0.193241380,0
case_033,3,scored,V1_ORIGINAL_UNCHANGED,590881,590881,0,0.000000,13754464,13754464,0.198417295,0.198417295,4
case_033,4,scored,V2_FEEDBACK_SEARCH,440231,439769,462,0.104945,13313664,13313664,0.170606231,0.173513304,4
case_033,5,scored,V2_FEEDBACK_SEARCH,356178,355538,640,0.179685,7197316,7197316,0.529068978,0.525411700,4
case_034,1,scored,V1_ORIGINAL_UNCHANGED,842733,842733,0,0.000000,1079832,1079832,0.309046599,0.309046599,0
case_034,2,scored,V1_ORIGINAL_UNCHANGED,417538,417538,0,0.000000,1651200,1651200,0.411820968,0.411820968,0
case_034,3,scored,V1_ORIGINAL_UNCHANGED,278366,278366,0,0.000000,5531744,5531744,0.343250094,0.343250094,4
case_034,4,scored,V1_ORIGINAL_UNCHANGED,208686,208686,0,0.000000,6320776,6320776,0.339104748,0.339104748,4
case_034,5,scored,V1_ORIGINAL_UNCHANGED,169761,169761,0,0.000000,7233216,7233216,0.381653567,0.381653567,4
case_035,1,scored,V1_ORIGINAL_UNCHANGED,169571,169571,0,0.000000,0,0,0.000000000,0.000000000,0
case_035,2,scored,V1_ORIGINAL_UNCHANGED,92356,92356,0,0.000000,319022,319022,0.153028774,0.153028774,4
case_035,3,scored,V1_ORIGINAL_UNCHANGED,62943,62943,0,0.000000,475492,475492,0.288117643,0.288117643,4
case_035,4,scored,V1_ORIGINAL_UNCHANGED,48316,48316,0,0.000000,663552,663552,0.338574898,0.338574898,4
case_035,5,scored,V2_FEEDBACK_SEARCH,40706,40288,418,1.026876,710220,710220,0.408511788,0.408507396,4
case_036,1,scored,V1_ORIGINAL_UNCHANGED,931510,931510,0,0.000000,0,0,0.000000000,0.000000000,0
case_036,2,scored,V1_ORIGINAL_UNCHANGED,466068,466068,0,0.000000,1152,1152,0.000000000,0.000000000,0
case_036,3,scored,V1_ORIGINAL_UNCHANGED,311345,311345,0,0.000000,2304,2304,0.000000000,0.000000000,0
case_036,4,scored,V1_ORIGINAL_UNCHANGED,233584,233584,0,0.000000,3456,3456,0.000000000,0.000000000,0
case_036,5,scored,V1_ORIGINAL_UNCHANGED,187182,187182,0,0.000000,4608,4608,0.000000000,0.000000000,0
case_037,1,scored,V1_ORIGINAL_UNCHANGED,210001,210001,0,0.000000,0,0,0.000000000,0.000000000,0
case_037,2,scored,V1_ORIGINAL_UNCHANGED,105374,105374,0,0.000000,204800,204800,0.000000000,0.000000000,0
case_037,3,scored,V1_ORIGINAL_UNCHANGED,70894,70894,0,0.000000,1069056,1069056,0.266339869,0.266339869,4
case_037,4,scored,V1_ORIGINAL_UNCHANGED,53320,53320,0,0.000000,614400,614400,0.000000000,0.000000000,4
case_037,5,scored,V1_ORIGINAL_UNCHANGED,43013,43013,0,0.000000,1445888,1445888,0.423366834,0.423366834,4
case_038,1,scored,V1_ORIGINAL_UNCHANGED,1363312,1363312,0,0.000000,5627904,5627904,0.173616815,0.173616815,0
case_038,2,scored,V2_FEEDBACK_SEARCH,671734,671690,44,0.006550,4807680,4807680,0.223039263,0.224077863,4
case_038,3,scored,V2_FEEDBACK_SEARCH,446710,446506,204,0.045667,7970816,7970816,0.444418332,0.441306482,4
case_038,4,scored,V1_ORIGINAL_UNCHANGED,338262,338262,0,0.000000,9618944,9618944,0.468916953,0.468916953,4
case_038,5,scored,V2_FEEDBACK_SEARCH,272099,272055,44,0.016171,11258368,11258368,0.533669726,0.532232320,4
case_039,1,scored,V1_ORIGINAL_UNCHANGED,1435262,1435262,0,0.000000,7929856,7929856,0.000000000,0.000000000,0
case_039,2,scored,V1_ORIGINAL_UNCHANGED,690740,690740,0,0.000000,4431872,4431872,0.350000000,0.350000000,4
case_039,3,scored,V1_ORIGINAL_UNCHANGED,461028,461028,0,0.000000,5701632,5701632,0.260000000,0.260000000,4
case_039,4,scored,V1_ORIGINAL_UNCHANGED,348018,348018,0,0.000000,9986048,9986048,0.476656872,0.476656872,4
case_039,5,scored,V1_ORIGINAL_UNCHANGED,279353,279353,0,0.000000,11583488,11583488,0.559408755,0.559408755,4
case_040,1,scored,V1_ORIGINAL_UNCHANGED,253454,253454,0,0.000000,0,0,0.000000000,0.000000000,0
case_040,2,scored,V2_FEEDBACK_SEARCH,132943,132193,750,0.564152,452754,452754,0.132953687,0.136308903,4
case_040,3,scored,V2_FEEDBACK_SEARCH,90251,90242,9,0.009972,1265744,1265744,0.370798282,0.370798282,4
case_040,4,scored,V2_FEEDBACK_SEARCH,70016,69488,528,0.754113,1405678,1405678,0.388238959,0.389797573,4
case_040,5,scored,V1_ORIGINAL_UNCHANGED,57774,57774,0,0.000000,1897242,1897242,0.372439523,0.372439523,4
case_041,1,scored,V1_ORIGINAL_UNCHANGED,6001575,6001575,0,0.000000,30898176,30898176,0.101636815,0.101636815,0
case_041,2,scored,V1_ORIGINAL_UNCHANGED,2965687,2965687,0,0.000000,49489160,49489160,0.100170986,0.100170986,4
case_041,3,scored,V1_ORIGINAL_UNCHANGED,1992248,1992248,0,0.000000,56698112,56698112,0.250881264,0.250881264,4
case_041,4,scored,V1_ORIGINAL_UNCHANGED,1503434,1503434,0,0.000000,46354704,46354704,0.204340022,0.204340022,4
case_041,5,scored,V1_ORIGINAL_UNCHANGED,1199720,1199720,0,0.000000,38206464,38206464,0.236902050,0.236902050,0
case_042,1,scored,V1_ORIGINAL_UNCHANGED,1675633,1675633,0,0.000000,6629376,6629376,0.318691758,0.318691758,0
case_042,2,scored,V2_FEEDBACK_SEARCH,854134,851098,3036,0.355448,11024024,11024024,0.072838148,0.073204610,4
case_042,3,scored,V2_FEEDBACK_SEARCH,567466,564999,2467,0.434740,15933108,15933108,0.400753931,0.400753931,4
case_042,4,scored,V1_ORIGINAL_UNCHANGED,431543,431543,0,0.000000,8179560,8179560,0.318993967,0.318993967,4
case_042,5,scored,V2_FEEDBACK_SEARCH,342617,339141,3476,1.014544,9994092,10147692,0.443319276,0.434419171,4
case_043,1,scored,V1_ORIGINAL_UNCHANGED,677656,677656,0,0.000000,49160,49160,0.033207400,0.033207400,0
case_043,2,scored,V1_ORIGINAL_UNCHANGED,343112,343112,0,0.000000,1892732,1892732,0.353692597,0.353692597,4
case_043,3,scored,V2_FEEDBACK_SEARCH,231143,231089,54,0.023362,3228256,3228256,0.476892039,0.474025683,4
case_043,4,scored,V1_ORIGINAL_UNCHANGED,175177,175177,0,0.000000,4040330,4040330,0.471937718,0.471937718,4
case_043,5,scored,V1_ORIGINAL_UNCHANGED,144127,144127,0,0.000000,4991280,4991280,0.520173189,0.520173189,4
case_044,1,scored,V1_ORIGINAL_UNCHANGED,107814,107814,0,0.000000,4438112,4438112,0.819988572,0.819988572,0
case_044,2,scored,V1_ORIGINAL_UNCHANGED,57481,57481,0,0.000000,938336,938336,0.259656143,0.259656143,4
case_044,3,scored,V2_FEEDBACK_SEARCH,59964,55400,4564,7.611233,3960768,3959744,0.501853864,0.656205336,4
case_044,4,scored,V1_ORIGINAL_UNCHANGED,66844,66844,0,0.000000,4886048,4886048,0.450630392,0.450630392,4
case_044,5,scored,V2_FEEDBACK_SEARCH,75695,74396,1299,1.716097,5840864,5840864,0.786206472,0.812084126,4
case_045,1,scored,V1_ORIGINAL_UNCHANGED,125614,125614,0,0.000000,0,0,0.000000000,0.000000000,0
case_045,2,scored,V1_ORIGINAL_UNCHANGED,63059,63059,0,0.000000,0,0,0.000000000,0.000000000,0
case_045,3,scored,V1_ORIGINAL_UNCHANGED,42601,42601,0,0.000000,0,0,0.000000000,0.000000000,2
case_045,4,scored,V1_ORIGINAL_UNCHANGED,31878,31878,0,0.000000,0,0,0.000000000,0.000000000,0
case_045,5,scored,V1_ORIGINAL_UNCHANGED,26164,26164,0,0.000000,0,0,0.000000000,0.000000000,2
case_046,1,scored,V1_ORIGINAL_UNCHANGED,244994,244994,0,0.000000,3176288,3176288,0.753030467,0.753030467,0
case_046,2,scored,V2_FEEDBACK_SEARCH,120196,119349,847,0.704682,963168,1416800,0.000000000,0.514862836,4
case_046,3,scored,V1_ORIGINAL_UNCHANGED,80251,80251,0,0.000000,2022592,2022592,0.385791004,0.385791004,4
case_046,4,scored,V1_ORIGINAL_UNCHANGED,81580,81580,0,0.000000,2791200,2791200,0.000000000,0.000000000,4
case_046,5,scored,V2_FEEDBACK_SEARCH,98592,78107,20485,20.777548,4143488,4290944,0.122982563,0.599332125,4
case_047,1,scored,V1_ORIGINAL_UNCHANGED,326508,326508,0,0.000000,0,0,0.000000000,0.000000000,0
case_047,2,scored,V1_ORIGINAL_UNCHANGED,172114,172114,0,0.000000,716358,716358,0.180292394,0.180292394,4
case_047,3,scored,V2_FEEDBACK_SEARCH,122956,122241,715,0.581509,1046218,1043594,0.324749968,0.325131977,4
case_047,4,scored,V1_ORIGINAL_UNCHANGED,105305,105305,0,0.000000,1591442,1591442,0.349492830,0.349492830,4
case_047,5,scored,V1_ORIGINAL_UNCHANGED,94534,94534,0,0.000000,1914264,1914264,0.556956135,0.556956135,4
case_048,1,scored,V1_ORIGINAL_UNCHANGED,222220,222220,0,0.000000,0,0,0.000000000,0.000000000,0
case_048,2,scored,V1_ORIGINAL_UNCHANGED,128562,128562,0,0.000000,501446,501446,0.200161256,0.200161256,4
case_048,3,scored,V1_ORIGINAL_UNCHANGED,97853,97853,0,0.000000,488236,488236,0.067435977,0.067435977,4
case_048,4,scored,V1_ORIGINAL_UNCHANGED,97927,97927,0,0.000000,495154,495154,0.071405920,0.071405920,4
case_048,5,scored,V1_ORIGINAL_UNCHANGED,98798,98798,0,0.000000,501904,501904,0.216487664,0.216487664,4
case_049,1,scored,V1_ORIGINAL_UNCHANGED,196276,196276,0,0.000000,0,0,0.000000000,0.000000000,0
case_049,2,scored,V2_FEEDBACK_SEARCH,100791,100735,56,0.055561,204974,204974,0.099246428,0.099246428,4
case_049,3,scored,V2_FEEDBACK_SEARCH,69280,68613,667,0.962760,399188,399188,0.259413550,0.259413550,4
case_049,4,scored,V2_FEEDBACK_SEARCH,52311,52300,11,0.021028,563394,563394,0.354883346,0.354883346,4
case_049,5,scored,V1_ORIGINAL_UNCHANGED,44776,44776,0,0.000000,745118,745118,0.416376139,0.416376139,4
case_050,1,scored,V1_ORIGINAL_UNCHANGED,149690,149690,0,0.000000,0,0,0.000000000,0.000000000,0
case_050,2,scored,V2_FEEDBACK_SEARCH,76607,76340,267,0.348532,316766,316766,0.218307680,0.218307680,4
case_050,3,scored,V2_FEEDBACK_SEARCH,51616,51340,276,0.534718,447188,447188,0.333771003,0.333771003,4
case_050,4,scored,V1_ORIGINAL_UNCHANGED,40549,40549,0,0.000000,732042,732042,0.388389092,0.388389092,4
case_050,5,scored,V1_ORIGINAL_UNCHANGED,33022,33022,0,0.000000,704646,704646,0.403254712,0.403254712,4
case_051,1,scored,V1_ORIGINAL_UNCHANGED,607628,607628,0,0.000000,0,0,0.000000000,0.000000000,0
case_051,2,scored,V1_ORIGINAL_UNCHANGED,363318,363318,0,0.000000,393872,393872,0.499791550,0.499791550,4
case_051,3,scored,V1_ORIGINAL_UNCHANGED,297321,297321,0,0.000000,394000,394000,0.499809360,0.499809360,4
case_051,4,scored,V1_ORIGINAL_UNCHANGED,258807,258807,0,0.000000,590864,590864,0.599776323,0.599776323,4
case_051,5,scored,V1_ORIGINAL_UNCHANGED,205151,205151,0,0.000000,328828,328828,0.454375095,0.454375095,0
case_052,1,scored,V1_ORIGINAL_UNCHANGED,180301,180301,0,0.000000,0,0,0.000000000,0.000000000,0
case_052,2,scored,V1_ORIGINAL_UNCHANGED,85209,85209,0,0.000000,430632,430632,0.090012097,0.090012097,4
case_052,3,scored,V1_ORIGINAL_UNCHANGED,58857,58857,0,0.000000,596032,596032,0.142443370,0.142443370,4
case_052,4,scored,V1_ORIGINAL_UNCHANGED,44532,44532,0,0.000000,732232,732232,0.163072521,0.163072521,4
case_052,5,scored,V1_ORIGINAL_UNCHANGED,37440,37440,0,0.000000,328704,328704,0.223909065,0.223909065,2
case_053,1,scored,V1_ORIGINAL_UNCHANGED,1428109,1428109,0,0.000000,5405536,5405536,0.624870838,0.624870838,0
case_053,2,scored,V1_ORIGINAL_UNCHANGED,706748,706748,0,0.000000,3301878,3301878,0.232753482,0.232753482,4
case_053,3,scored,V1_ORIGINAL_UNCHANGED,481790,481790,0,0.000000,5284428,5284428,0.290875955,0.290875955,0
case_053,4,scored,V1_ORIGINAL_UNCHANGED,366396,366396,0,0.000000,7937666,7937666,0.371249160,0.371249160,0
case_053,5,scored,V1_ORIGINAL_UNCHANGED,312207,312207,0,0.000000,9621590,9621590,0.283647692,0.283647692,0
case_054,1,scored,V1_ORIGINAL_UNCHANGED,815051,815051,0,0.000000,0,0,0.000000000,0.000000000,0
case_054,2,scored,V1_ORIGINAL_UNCHANGED,417051,417051,0,0.000000,1585830,1585830,0.084161568,0.084161568,0
case_054,3,scored,V1_ORIGINAL_UNCHANGED,279743,279743,0,0.000000,3301068,3301068,0.153279673,0.153279673,0
case_054,4,scored,V1_ORIGINAL_UNCHANGED,216160,216160,0,0.000000,3843858,3843858,0.218908814,0.218908814,0
case_054,5,scored,V1_ORIGINAL_UNCHANGED,173981,173981,0,0.000000,4629558,4629558,0.276371153,0.276371153,0
case_055,1,scored,V1_ORIGINAL_UNCHANGED,118835,118835,0,0.000000,69632,69632,0.100143243,0.100143243,0
case_055,2,scored,V2_FEEDBACK_SEARCH,52383,51245,1138,2.172461,122376,122376,0.107893693,0.107893693,4
case_055,3,scored,V2_FEEDBACK_SEARCH,34987,33933,1054,3.012548,286816,286816,0.220869207,0.276515644,4
case_055,4,scored,V1_ORIGINAL_UNCHANGED,27916,27916,0,0.000000,621264,621264,0.377890456,0.377890456,4
case_055,5,scored,V2_FEEDBACK_SEARCH,24866,23960,906,3.643529,189952,189952,0.212798721,0.222842318,4
case_056,1,scored,V1_ORIGINAL_UNCHANGED,277285,277285,0,0.000000,0,0,0.000000000,0.000000000,0
case_056,2,scored,V2_FEEDBACK_SEARCH,142482,142126,356,0.249856,424494,424494,0.105774249,0.111340628,4
case_056,3,scored,V2_FEEDBACK_SEARCH,94766,94750,16,0.016884,587880,587880,0.306154675,0.307900876,4
case_056,4,scored,V1_ORIGINAL_UNCHANGED,74535,74535,0,0.000000,1277590,1277590,0.343433187,0.343433187,4
case_056,5,scored,V1_ORIGINAL_UNCHANGED,61947,61947,0,0.000000,1148046,1148046,0.486514385,0.486514385,4
case_057,1,scored,V1_ORIGINAL_UNCHANGED,59726,59726,0,0.000000,94216,94216,0.218681523,0.218681523,0
case_057,2,scored,V2_FEEDBACK_SEARCH,30016,29715,301,1.002799,14112,14112,0.040239521,0.040239521,4
case_057,3,scored,V1_ORIGINAL_UNCHANGED,20714,20714,0,0.000000,237764,237764,0.410988344,0.410988344,4
case_057,4,scored,V1_ORIGINAL_UNCHANGED,15866,15866,0,0.000000,227296,227296,0.400038380,0.400038380,4
case_057,5,scored,V1_ORIGINAL_UNCHANGED,14028,14028,0,0.000000,14112,14112,0.000821215,0.000821215,2
case_058,1,scored,V1_ORIGINAL_UNCHANGED,4539717,4539717,0,0.000000,28696576,28696576,0.000000000,0.000000000,0
case_058,2,scored,V1_ORIGINAL_UNCHANGED,2195580,2195580,0,0.000000,19181568,19181568,0.255716383,0.255716383,0
case_058,3,scored,V1_ORIGINAL_UNCHANGED,1461951,1461951,0,0.000000,16662528,16662528,0.000000000,0.000000000,0
case_058,4,scored,V1_ORIGINAL_UNCHANGED,1095352,1095352,0,0.000000,31772672,31772672,0.520136346,0.520136346,0
case_058,5,scored,V1_ORIGINAL_UNCHANGED,876945,876945,0,0.000000,20807680,20807680,0.284909910,0.284909910,0
case_059,1,scored,V1_ORIGINAL_UNCHANGED,815938,815938,0,0.000000,1691648,1691648,0.610044313,0.610044313,0
case_059,2,scored,V1_ORIGINAL_UNCHANGED,369318,369318,0,0.000000,360448,360448,0.000000000,0.000000000,0
case_059,3,scored,V1_ORIGINAL_UNCHANGED,246806,246806,0,0.000000,2531328,2531328,0.605137395,0.605137395,4
case_059,4,scored,V1_ORIGINAL_UNCHANGED,185216,185216,0,0.000000,1081344,1081344,0.000000000,0.000000000,0
case_059,5,scored,V1_ORIGINAL_UNCHANGED,149026,149026,0,0.000000,5070848,5070848,0.680813124,0.680813124,4
case_060,1,scored,V1_ORIGINAL_UNCHANGED,887801,887801,0,0.000000,2068520,2068520,0.423143228,0.423143228,0
case_060,2,scored,V2_FEEDBACK_SEARCH,430180,426342,3838,0.892185,2281952,2281952,0.413181119,0.405372119,4
case_060,3,scored,V2_FEEDBACK_SEARCH,289089,285264,3825,1.323122,3793744,3793744,0.505910105,0.515803697,4
case_060,4,scored,V2_FEEDBACK_SEARCH,217330,213411,3919,1.803249,4131824,4131824,0.479487377,0.513147450,4
case_060,5,scored,V2_FEEDBACK_SEARCH,174614,172051,2563,1.467809,5717140,5717140,0.586434090,0.596110218,4
case_061,1,scored,V1_ORIGINAL_UNCHANGED,77191,77191,0,0.000000,0,0,0.000000000,0.000000000,0
case_061,2,scored,V1_ORIGINAL_UNCHANGED,37922,37922,0,0.000000,74752,74752,0.057725842,0.057725842,4
case_061,3,scored,V1_ORIGINAL_UNCHANGED,25831,25831,0,0.000000,169984,169984,0.084205910,0.084205910,4
case_061,4,scored,V2_FEEDBACK_SEARCH,20877,20753,124,0.593955,163328,167424,0.128859060,0.128466667,4
case_061,5,scored,V2_FEEDBACK_SEARCH,16656,16612,44,0.264169,237056,237056,0.134163635,0.128424014,4
case_062,1,scored,V1_ORIGINAL_UNCHANGED,2854809,2854809,0,0.000000,0,0,0.000000000,0.000000000,0
case_062,2,scored,V1_ORIGINAL_UNCHANGED,1433656,1433656,0,0.000000,104448,104448,0.000000000,0.000000000,0
case_062,3,scored,V1_ORIGINAL_UNCHANGED,955835,955835,0,0.000000,4521984,4521984,0.000000000,0.000000000,0
case_062,4,scored,V1_ORIGINAL_UNCHANGED,716538,716538,0,0.000000,5062656,5062656,0.000000000,0.000000000,0
case_062,5,scored,V1_ORIGINAL_UNCHANGED,575377,575377,0,0.000000,4580352,4580352,0.000000000,0.000000000,0
case_063,1,scored,V1_ORIGINAL_UNCHANGED,1070397,1070397,0,0.000000,0,0,0.000000000,0.000000000,0
case_063,2,scored,V1_ORIGINAL_UNCHANGED,536776,536776,0,0.000000,1167360,1167360,0.000000000,0.000000000,4
case_063,3,scored,V1_ORIGINAL_UNCHANGED,358955,358955,0,0.000000,1711104,1711104,0.000000000,0.000000000,4
case_063,4,scored,V1_ORIGINAL_UNCHANGED,270126,270126,0,0.000000,1628160,1628160,0.000000000,0.000000000,4
case_063,5,scored,V1_ORIGINAL_UNCHANGED,217873,217873,0,0.000000,1665024,1665024,0.000000000,0.000000000,4
case_064,1,scored,V1_ORIGINAL_UNCHANGED,19116,19116,0,0.000000,0,0,0.000000000,0.000000000,0
case_064,2,scored,V2_FEEDBACK_SEARCH,11243,11212,31,0.275727,40806,40806,0.197690873,0.197690873,4
case_064,3,scored,V1_ORIGINAL_UNCHANGED,9669,9669,0,0.000000,78572,78572,0.267098548,0.267098548,4
case_064,4,scored,V2_FEEDBACK_SEARCH,7121,7120,1,0.014043,95826,95250,0.236938910,0.248297766,4
case_064,5,scored,V1_ORIGINAL_UNCHANGED,7132,7132,0,0.000000,95922,95922,0.242379182,0.242379182,4
case_065,1,scored,V1_ORIGINAL_UNCHANGED,53068,53068,0,0.000000,0,0,0.000000000,0.000000000,0
case_065,2,scored,V1_ORIGINAL_UNCHANGED,22364,22364,0,0.000000,69288,69288,0.128478515,0.128478515,4
case_065,3,scored,V1_ORIGINAL_UNCHANGED,16056,16056,0,0.000000,115016,115016,0.194855472,0.194855472,4
case_065,4,scored,V2_FEEDBACK_SEARCH,13650,13472,178,1.304029,174040,174040,0.168006885,0.178666938,4
case_065,5,scored,V1_ORIGINAL_UNCHANGED,11459,11459,0,0.000000,55872,55872,0.066413193,0.066413193,2
case_066,1,scored,V1_ORIGINAL_UNCHANGED,359070,359070,0,0.000000,0,0,0.000000000,0.000000000,0
case_066,2,scored,V2_FEEDBACK_SEARCH,179561,179450,111,0.061817,1349172,1349172,0.186277566,0.241519760,4
case_066,3,scored,V2_FEEDBACK_SEARCH,124067,124016,51,0.041107,2007220,2007220,0.303527395,0.307010143,4
case_066,4,scored,V1_ORIGINAL_UNCHANGED,98034,98034,0,0.000000,2404816,2404816,0.290012696,0.290012696,4
case_066,5,scored,V2_FEEDBACK_SEARCH,83516,83045,471,0.563964,2643850,2643850,0.316458540,0.320816295,4
case_067,1,scored,V1_ORIGINAL_UNCHANGED,63834834,63834834,0,0.000000,264449408,264449408,0.000000000,0.000000000,0
case_067,2,scored,V1_ORIGINAL_UNCHANGED,32073211,32073211,0,0.000000,249803136,249803136,0.235744753,0.235744753,4
case_067,3,scored,V2_FEEDBACK_SEARCH,21635717,21597442,38275,0.176907,198630144,198630144,0.389907768,0.370560943,4
case_067,4,scored,V2_FEEDBACK_SEARCH,15400935,15383688,17247,0.111987,207017088,207234176,0.922651808,0.924911708,4
case_067,5,scored,V2_FEEDBACK_SEARCH,12335508,12304590,30918,0.250642,208819712,209704448,0.922324897,0.926532000,4
case_068,1,scored,V1_ORIGINAL_UNCHANGED,362095,362095,0,0.000000,0,0,0.000000000,0.000000000,0
case_068,2,scored,V1_ORIGINAL_UNCHANGED,184997,184997,0,0.000000,1653422,1653422,0.202739605,0.202739605,4
case_068,3,scored,V1_ORIGINAL_UNCHANGED,129465,129465,0,0.000000,2305940,2305940,0.132658253,0.132658253,4
case_068,4,scored,V1_ORIGINAL_UNCHANGED,100735,100735,0,0.000000,2762406,2762406,0.057100740,0.057100740,4
case_068,5,scored,V2_FEEDBACK_SEARCH,94416,94259,157,0.166285,2564776,2564776,0.025221342,0.026396456,4
case_069,1,scored,V1_ORIGINAL_UNCHANGED,25144,25144,0,0.000000,0,0,0.000000000,0.000000000,0
case_069,2,scored,V2_FEEDBACK_SEARCH,13246,13181,65,0.490714,161990,161990,0.137883580,0.216659544,4
case_069,3,scored,V1_ORIGINAL_UNCHANGED,10109,10109,0,0.000000,292394,292394,0.326274568,0.326274568,4
case_069,4,scored,V1_ORIGINAL_UNCHANGED,9082,9082,0,0.000000,403598,403598,0.405992354,0.405992354,4
case_069,5,scored,V1_ORIGINAL_UNCHANGED,7959,7959,0,0.000000,360402,360402,0.369234250,0.369234250,4
case_070,1,scored,V1_ORIGINAL_UNCHANGED,117300,117300,0,0.000000,0,0,0.000000000,0.000000000,0
case_070,2,scored,V1_ORIGINAL_UNCHANGED,55586,55586,0,0.000000,180752,180752,0.212993314,0.212993314,4
case_070,3,scored,V1_ORIGINAL_UNCHANGED,34691,34691,0,0.000000,435220,435220,0.296237904,0.296237904,4
case_070,4,scored,V1_ORIGINAL_UNCHANGED,28282,28282,0,0.000000,553232,553232,0.316652947,0.316652947,4
case_070,5,scored,V2_FEEDBACK_SEARCH,24356,23887,469,1.925604,743956,743956,0.309153892,0.421840730,4
case_071,1,scored,V1_ORIGINAL_UNCHANGED,18919,18919,0,0.000000,0,0,0.000000000,0.000000000,0
case_071,2,scored,V1_ORIGINAL_UNCHANGED,10395,10395,0,0.000000,119846,119846,0.225448250,0.225448250,4
case_071,3,scored,V1_ORIGINAL_UNCHANGED,8020,8020,0,0.000000,243978,243978,0.182694950,0.182694950,4
case_071,4,scored,V1_ORIGINAL_UNCHANGED,6560,6560,0,0.000000,232686,232686,0.352938615,0.352938615,4
case_071,5,scored,V1_ORIGINAL_UNCHANGED,6841,6841,0,0.000000,297042,297042,0.271449612,0.271449612,4
case_072,1,scored,V1_ORIGINAL_UNCHANGED,23890756,23890756,0,0.000000,108613680,108613680,0.026210198,0.026210198,0
case_072,2,scored,V1_ORIGINAL_UNCHANGED,11973525,11973525,0,0.000000,148672560,148672560,0.118442099,0.118442099,0
case_072,3,scored,V1_ORIGINAL_UNCHANGED,8144722,8144722,0,0.000000,219517292,219517292,0.124871274,0.124871274,0
case_072,4,scored,V1_ORIGINAL_UNCHANGED,6236802,6236802,0,0.000000,150450224,150450224,0.202290850,0.202290850,0
case_072,5,scored,V1_ORIGINAL_UNCHANGED,4765197,4765197,0,0.000000,130777776,130777776,0.305343323,0.305343323,0
case_073,1,scored,V1_ORIGINAL_UNCHANGED,10081626,10081626,0,0.000000,141570432,141570432,0.000000000,0.000000000,0
case_073,2,scored,V2_FEEDBACK_SEARCH,5505050,5486749,18301,0.332440,100529024,100750208,0.093402689,0.098877179,4
case_073,3,scored,V2_FEEDBACK_SEARCH,3826011,3752223,73788,1.928588,132847872,133267200,0.247037049,0.260498350,4
case_073,4,scored,V2_FEEDBACK_SEARCH,3076967,3040368,36599,1.189451,97942144,98384512,0.261255261,0.276039022,4
case_073,5,scored,V1_ORIGINAL_UNCHANGED,2771404,2771404,0,0.000000,101126144,101126144,0.206312885,0.206312885,4
case_074,1,scored,V1_ORIGINAL_UNCHANGED,1678120,1678120,0,0.000000,6070280,6070280,0.166804850,0.166804850,0
case_074,2,scored,V1_ORIGINAL_UNCHANGED,831632,831632,0,0.000000,7200768,7200768,0.210407625,0.210407625,0
case_074,3,scored,V1_ORIGINAL_UNCHANGED,553308,553308,0,0.000000,7868428,7868428,0.380231170,0.380231170,4
case_074,4,scored,V1_ORIGINAL_UNCHANGED,415062,415062,0,0.000000,7626802,7626802,0.533033015,0.533033015,4
case_074,5,scored,V2_FEEDBACK_SEARCH,343554,337054,6500,1.891988,7983104,7983104,0.318703634,0.312085744,4
case_075,1,scored,V1_ORIGINAL_UNCHANGED,1441809,1441809,0,0.000000,0,0,0.000000000,0.000000000,0
case_075,2,scored,V1_ORIGINAL_UNCHANGED,723990,723990,0,0.000000,2777222,2777222,0.129809298,0.129809298,4
case_075,3,scored,V1_ORIGINAL_UNCHANGED,480999,480999,0,0.000000,4941452,4941452,0.319951230,0.319951230,4
case_075,4,scored,V2_FEEDBACK_SEARCH,389014,388953,61,0.015681,4852784,4852784,0.451903411,0.451903411,4
case_075,5,scored,V1_ORIGINAL_UNCHANGED,322387,322387,0,0.000000,5507508,5507508,0.270066202,0.270066202,3
case_076,1,scored,V1_ORIGINAL_UNCHANGED,6183098,6183098,0,0.000000,28280832,28280832,0.133576619,0.133576619,0
case_076,2,scored,V1_ORIGINAL_UNCHANGED,3083890,3083890,0,0.000000,15496196,15496196,0.280069060,0.280069060,0
case_076,3,scored,V1_ORIGINAL_UNCHANGED,2050955,2050955,0,0.000000,20953480,20953480,0.419214827,0.419214827,0
case_076,4,scored,V1_ORIGINAL_UNCHANGED,1536520,1536520,0,0.000000,25074700,25074700,0.519622055,0.519622055,0
case_076,5,scored,V1_ORIGINAL_UNCHANGED,1227382,1227382,0,0.000000,27101580,27101580,0.613376215,0.613376215,0
case_077,1,scored,V1_ORIGINAL_UNCHANGED,495320,495320,0,0.000000,0,0,0.000000000,0.000000000,0
case_077,2,scored,V1_ORIGINAL_UNCHANGED,250514,250514,0,0.000000,1516588,1516588,0.110589559,0.110589559,4
case_077,3,scored,V1_ORIGINAL_UNCHANGED,172008,172008,0,0.000000,2407302,2407302,0.146550983,0.146550983,4
case_077,4,scored,V1_ORIGINAL_UNCHANGED,128889,128889,0,0.000000,2697438,2697438,0.112505515,0.112505515,4
case_077,5,scored,V2_FEEDBACK_SEARCH,107026,107021,5,0.004672,2854170,2854170,0.088235043,0.083894691,4
case_078,1,scored,V1_ORIGINAL_UNCHANGED,2296143,2296143,0,0.000000,12644568,12644568,0.000000000,0.000000000,0
case_078,2,scored,V1_ORIGINAL_UNCHANGED,1054712,1054712,0,0.000000,3610752,3610752,0.188848189,0.188848189,4
case_078,3,scored,V1_ORIGINAL_UNCHANGED,699477,699477,0,0.000000,6177024,6177024,0.500676664,0.500676664,4
case_078,4,scored,V2_FEEDBACK_SEARCH,558736,532566,26170,4.683786,6451584,6711168,0.077139640,0.479968640,4
case_078,5,scored,V1_ORIGINAL_UNCHANGED,430874,430874,0,0.000000,11493888,11493888,0.507500312,0.507500312,4
case_079,1,scored,V1_ORIGINAL_UNCHANGED,31052251,31052251,0,0.000000,32448512,32448512,0.000000000,0.000000000,0
case_079,2,scored,V1_ORIGINAL_UNCHANGED,15121479,15121479,0,0.000000,93573120,93573120,0.051375195,0.051375195,0
case_079,3,scored,V1_ORIGINAL_UNCHANGED,10350887,10350887,0,0.000000,211304448,211304448,0.020054348,0.020054348,0
case_079,4,scored,V1_ORIGINAL_UNCHANGED,7635624,7635624,0,0.000000,30445568,30445568,0.000000000,0.000000000,0
case_079,5,scored,V1_ORIGINAL_UNCHANGED,6074279,6074279,0,0.000000,47542272,47542272,0.236181483,0.236181483,0
case_080,1,scored,V1_ORIGINAL_UNCHANGED,291826,291826,0,0.000000,548864,548864,0.168614357,0.168614357,0
case_080,2,scored,V1_ORIGINAL_UNCHANGED,145224,145224,0,0.000000,1331200,1331200,0.249658936,0.249658936,4
case_080,3,scored,V1_ORIGINAL_UNCHANGED,97525,97525,0,0.000000,1376256,1376256,0.117154812,0.117154812,4
case_080,4,scored,V1_ORIGINAL_UNCHANGED,74545,74545,0,0.000000,3362816,3362816,0.443979933,0.443979933,4
case_080,5,scored,V1_ORIGINAL_UNCHANGED,64117,64117,0,0.000000,3178496,3178496,0.361518550,0.361518550,4
case_081,1,scored,V1_ORIGINAL_UNCHANGED,151795,151795,0,0.000000,0,0,0.000000000,0.000000000,0
case_081,2,scored,V1_ORIGINAL_UNCHANGED,76860,76860,0,0.000000,0,0,0.000000000,0.000000000,2
case_081,3,scored,V1_ORIGINAL_UNCHANGED,51943,51943,0,0.000000,0,0,0.000000000,0.000000000,2
case_081,4,scored,V1_ORIGINAL_UNCHANGED,39588,39588,0,0.000000,0,0,0.000000000,0.000000000,2
case_081,5,scored,V1_ORIGINAL_UNCHANGED,30943,30943,0,0.000000,0,0,0.000000000,0.000000000,0
case_082,1,scored,V1_ORIGINAL_UNCHANGED,721041,721041,0,0.000000,0,0,0.000000000,0.000000000,0
case_082,2,scored,V1_ORIGINAL_UNCHANGED,348668,348668,0,0.000000,897286,897286,0.172478264,0.172478264,4
case_082,3,scored,V1_ORIGINAL_UNCHANGED,228992,228992,0,0.000000,2185708,2185708,0.311425605,0.311425605,4
case_082,4,scored,V1_ORIGINAL_UNCHANGED,178367,178367,0,0.000000,2922962,2922962,0.374167973,0.374167973,4
case_082,5,scored,V2_FEEDBACK_SEARCH,152405,152384,21,0.013779,3234934,3234934,0.406875737,0.407679127,4
case_083,1,scored,V1_ORIGINAL_UNCHANGED,946145,946145,0,0.000000,13934688,13934688,0.795868409,0.795868409,0
case_083,2,scored,V1_ORIGINAL_UNCHANGED,456221,456221,0,0.000000,6662752,6662752,0.749544428,0.749544428,4
case_083,3,scored,V2_FEEDBACK_SEARCH,295365,295365,0,0.000000,2673856,2669760,0.400426459,0.518214117,4
case_083,4,scored,V1_ORIGINAL_UNCHANGED,223029,223029,0,0.000000,3983136,3983136,0.605207896,0.605207896,4
case_083,5,scored,V2_FEEDBACK_SEARCH,193143,184508,8635,4.470781,5261696,5613952,0.290097252,0.508327537,4
case_084,1,scored,V1_ORIGINAL_UNCHANGED,2507412,2507412,0,0.000000,0,0,0.000000000,0.000000000,0
case_084,2,scored,V1_ORIGINAL_UNCHANGED,1255052,1255052,0,0.000000,0,0,0.000000000,0.000000000,0
case_084,3,scored,V1_ORIGINAL_UNCHANGED,836220,836220,0,0.000000,0,0,0.000000000,0.000000000,0
case_084,4,scored,V1_ORIGINAL_UNCHANGED,629028,629028,0,0.000000,0,0,0.000000000,0.000000000,0
case_084,5,scored,V1_ORIGINAL_UNCHANGED,503472,503472,0,0.000000,0,0,0.000000000,0.000000000,0
case_085,1,scored,V1_ORIGINAL_UNCHANGED,3187899,3187899,0,0.000000,0,0,0.000000000,0.000000000,0
case_085,2,scored,V1_ORIGINAL_UNCHANGED,1577629,1577629,0,0.000000,2521478,2521478,0.181451058,0.181451058,0
case_085,3,scored,V1_ORIGINAL_UNCHANGED,1065858,1065858,0,0.000000,6678380,6678380,0.339352863,0.339352863,0
case_085,4,scored,V1_ORIGINAL_UNCHANGED,825808,825808,0,0.000000,8756146,8756146,0.400144998,0.400144998,0
case_085,5,scored,V1_ORIGINAL_UNCHANGED,634163,634163,0,0.000000,11658808,11658808,0.440426636,0.440426636,0
case_086,1,scored,V1_ORIGINAL_UNCHANGED,118403,118403,0,0.000000,0,0,0.000000000,0.000000000,0
case_086,2,scored,V1_ORIGINAL_UNCHANGED,61621,61621,0,0.000000,584422,584422,0.202394220,0.202394220,4
case_086,3,scored,V2_FEEDBACK_SEARCH,44798,44779,19,0.042413,1034986,1034986,0.375316476,0.375696247,4
case_086,4,scored,V2_FEEDBACK_SEARCH,36570,36555,15,0.041017,1373042,1373042,0.318944395,0.332598478,4
case_086,5,scored,V1_ORIGINAL_UNCHANGED,33078,33078,0,0.000000,1625846,1625846,0.364311961,0.364311961,4
case_087,1,scored,V1_ORIGINAL_UNCHANGED,3969779,3969779,0,0.000000,7902720,7902720,0.183367768,0.183367768,0
case_087,2,scored,V1_ORIGINAL_UNCHANGED,2037975,2037975,0,0.000000,25416412,25416412,0.118153217,0.118153217,0
case_087,3,scored,V1_ORIGINAL_UNCHANGED,1355221,1355221,0,0.000000,14417640,14417640,0.510040134,0.510040134,0
case_087,4,scored,V1_ORIGINAL_UNCHANGED,1024007,1024007,0,0.000000,18544964,18544964,0.517395705,0.517395705,0
case_087,5,scored,V1_ORIGINAL_UNCHANGED,811994,811994,0,0.000000,20694304,20694304,0.491474145,0.491474145,0
case_088,1,scored,V1_ORIGINAL_UNCHANGED,243623,243623,0,0.000000,0,0,0.000000000,0.000000000,0
case_088,2,scored,V1_ORIGINAL_UNCHANGED,122025,122025,0,0.000000,1087690,1087690,0.160354077,0.160354077,4
case_088,3,scored,V2_FEEDBACK_SEARCH,86565,86516,49,0.056605,1607178,1607178,0.123807926,0.130216554,4
case_088,4,scored,V1_ORIGINAL_UNCHANGED,69570,69570,0,0.000000,1900434,1900434,0.073506446,0.073506446,0
case_088,5,scored,V2_FEEDBACK_SEARCH,66662,65965,697,1.045573,1750102,1750102,0.040542058,0.053749957,4
case_089,1,scored,V1_ORIGINAL_UNCHANGED,693092,693092,0,0.000000,0,0,0.000000000,0.000000000,0
case_089,2,scored,V1_ORIGINAL_UNCHANGED,346432,346432,0,0.000000,238720,238720,0.000000000,0.000000000,4
case_089,3,scored,V1_ORIGINAL_UNCHANGED,232474,232474,0,0.000000,957696,957696,0.405796480,0.405796480,4
case_089,4,scored,V1_ORIGINAL_UNCHANGED,173512,173512,0,0.000000,716160,716160,0.000000000,0.000000000,4
case_089,5,scored,V1_ORIGINAL_UNCHANGED,138740,138740,0,0.000000,954880,954880,0.000000000,0.000000000,4
case_090,1,scored,V1_ORIGINAL_UNCHANGED,1178363,1178363,0,0.000000,21233592,21233592,0.000000000,0.000000000,0
case_090,2,scored,V1_ORIGINAL_UNCHANGED,481682,481682,0,0.000000,10506624,10506624,0.724620213,0.724620213,4
case_090,3,scored,V2_FEEDBACK_SEARCH,355090,340871,14219,4.004337,12466944,12761856,0.644401639,0.651110577,4
case_090,4,scored,V2_FEEDBACK_SEARCH,282711,255576,27135,9.598141,13488000,14250624,0.614671124,0.730274582,4
case_090,5,scored,V2_FEEDBACK_SEARCH,236124,231094,5030,2.130237,12091008,12422784,0.594032019,0.673001449,4
case_091,1,scored,V1_ORIGINAL_UNCHANGED,9168820,9168820,0,0.000000,53947008,53947008,0.105385792,0.105385792,0
case_091,2,scored,V1_ORIGINAL_UNCHANGED,4543426,4543426,0,0.000000,45687788,45687788,0.173102801,0.173102801,0
case_091,3,scored,V1_ORIGINAL_UNCHANGED,3023633,3023633,0,0.000000,55675944,55675944,0.294520002,0.294520002,0
case_091,4,scored,V1_ORIGINAL_UNCHANGED,2279902,2279902,0,0.000000,55834308,55834308,0.374392794,0.374392794,0
case_091,5,scored,V1_ORIGINAL_UNCHANGED,1876124,1876124,0,0.000000,73487320,73487320,0.275409513,0.275409513,0
case_092,1,scored,V1_ORIGINAL_UNCHANGED,4333631,4333631,0,0.000000,66000096,66000096,0.793549596,0.793549596,0
case_092,2,scored,V1_ORIGINAL_UNCHANGED,2219154,2219154,0,0.000000,66503712,66503712,0.776912643,0.776912643,0
case_092,3,scored,V1_ORIGINAL_UNCHANGED,1362606,1362606,0,0.000000,6368448,6368448,0.078656145,0.078656145,0
case_092,4,scored,V1_ORIGINAL_UNCHANGED,1222972,1222972,0,0.000000,49115680,49115680,0.673039363,0.673039363,0
case_092,5,scored,V1_ORIGINAL_UNCHANGED,917058,917058,0,0.000000,30787968,30787968,0.779978363,0.779978363,0
case_093,1,scored,V1_ORIGINAL_UNCHANGED,74205,74205,0,0.000000,0,0,0.000000000,0.000000000,0
case_093,2,scored,V1_ORIGINAL_UNCHANGED,37827,37827,0,0.000000,8192,8192,0.000000000,0.000000000,2
case_093,3,scored,V1_ORIGINAL_UNCHANGED,25103,25103,0,0.000000,16384,16384,0.000000000,0.000000000,0
case_093,4,scored,V1_ORIGINAL_UNCHANGED,19779,19779,0,0.000000,24576,24576,0.000000000,0.000000000,2
case_093,5,scored,V1_ORIGINAL_UNCHANGED,15876,15876,0,0.000000,32768,32768,0.000000000,0.000000000,2
case_094,1,scored,V1_ORIGINAL_UNCHANGED,94892,94892,0,0.000000,0,0,0.000000000,0.000000000,0
case_094,2,scored,V2_FEEDBACK_SEARCH,44003,43981,22,0.049997,318244,318244,0.075077543,0.129370907,4
case_094,3,scored,V2_FEEDBACK_SEARCH,30061,30039,22,0.073185,433732,433732,0.221129664,0.221129664,4
case_094,4,scored,V1_ORIGINAL_UNCHANGED,24044,24044,0,0.000000,489316,489316,0.200501253,0.200501253,4
case_094,5,scored,V1_ORIGINAL_UNCHANGED,20712,20712,0,0.000000,489312,489312,0.169378188,0.169378188,4
case_095,1,scored,V1_ORIGINAL_UNCHANGED,2084853,2084853,0,0.000000,0,0,0.000000000,0.000000000,0
case_095,2,scored,V1_ORIGINAL_UNCHANGED,1042890,1042890,0,0.000000,0,0,0.000000000,0.000000000,0
case_095,3,scored,V1_ORIGINAL_UNCHANGED,695775,695775,0,0.000000,0,0,0.000000000,0.000000000,0
case_095,4,scored,V1_ORIGINAL_UNCHANGED,524422,524422,0,0.000000,0,0,0.000000000,0.000000000,0
case_095,5,scored,V1_ORIGINAL_UNCHANGED,420852,420852,0,0.000000,0,0,0.000000000,0.000000000,0
case_096,1,scored,V1_ORIGINAL_UNCHANGED,84194,84194,0,0.000000,0,0,0.000000000,0.000000000,0
case_096,2,scored,V2_FEEDBACK_SEARCH,41875,41847,28,0.066866,75608,75608,0.264412851,0.264412851,4
case_096,3,scored,V1_ORIGINAL_UNCHANGED,27816,27816,0,0.000000,178800,178800,0.455296665,0.455296665,4
case_096,4,scored,V1_ORIGINAL_UNCHANGED,22435,22435,0,0.000000,307996,307996,0.585720221,0.585720221,4
case_096,5,scored,V1_ORIGINAL_UNCHANGED,18827,18827,0,0.000000,218780,218780,0.350203971,0.350203971,4
case_097,1,scored,V1_ORIGINAL_UNCHANGED,11491509,11491509,0,0.000000,10584064,10584064,0.000000000,0.000000000,0
case_097,2,scored,V2_FEEDBACK_SEARCH,5248936,5247702,1234,0.023510,38486016,38510592,0.084140234,0.084098114,4
case_097,3,scored,V1_ORIGINAL_UNCHANGED,3474603,3474603,0,0.000000,43806720,43806720,0.262444053,0.262444053,4
case_097,4,scored,V2_FEEDBACK_SEARCH,2580236,2580031,205,0.007945,9043968,9043968,0.000000000,0.182142857,4
case_097,5,scored,V1_ORIGINAL_UNCHANGED,2067298,2067298,0,0.000000,45019136,45019136,0.262110838,0.262110838,4
case_098,1,scored,V1_ORIGINAL_UNCHANGED,177430,177430,0,0.000000,0,0,0.000000000,0.000000000,0
case_098,2,scored,V1_ORIGINAL_UNCHANGED,89102,89102,0,0.000000,315548,315548,0.311227158,0.311227158,4
case_098,3,scored,V1_ORIGINAL_UNCHANGED,61115,61115,0,0.000000,442608,442608,0.387918274,0.387918274,4
case_098,4,scored,V2_FEEDBACK_SEARCH,45978,45976,2,0.004350,700764,700764,0.500853056,0.500853056,4
case_098,5,scored,V1_ORIGINAL_UNCHANGED,39193,39193,0,0.000000,438584,438584,0.385710263,0.385710263,4
case_099,1,scored,V1_ORIGINAL_UNCHANGED,1618902,1618902,0,0.000000,5484544,5484544,0.252354650,0.252354650,0
case_099,2,scored,V1_ORIGINAL_UNCHANGED,799799,799799,0,0.000000,3092736,3092736,0.338335329,0.338335329,4
case_099,3,scored,V1_ORIGINAL_UNCHANGED,535017,535017,0,0.000000,4976128,4976128,0.506800710,0.506800710,4
case_099,4,scored,V1_ORIGINAL_UNCHANGED,401934,401934,0,0.000000,6916096,6916096,0.583539838,0.583539838,4
case_099,5,scored,V1_ORIGINAL_UNCHANGED,323117,323117,0,0.000000,8527360,8527360,0.653369481,0.653369481,4
case_100,1,scored,V1_ORIGINAL_UNCHANGED,151223,151223,0,0.000000,0,0,0.000000000,0.000000000,0
case_100,2,scored,V2_FEEDBACK_SEARCH,68598,67937,661,0.963585,449164,449164,0.387952619,0.387952619,4
case_100,3,scored,V1_ORIGINAL_UNCHANGED,44537,44537,0,0.000000,743880,743880,0.487744214,0.487744214,4
case_100,4,scored,V2_FEEDBACK_SEARCH,35399,34663,736,2.079155,981228,981228,0.403753416,0.419282005,4
case_100,5,scored,V2_FEEDBACK_SEARCH,32608,32520,88,0.269872,1090056,1090056,0.384975162,0.408460072,4
