"case","singlecore_makespan","old_5core_makespan","new_best_5core_makespan","old_added_copy_bytes","new_best_added_copy_bytes","old_speedup","new_best_speedup","improved","rescue_status"
"case_001","233110","47502","47502","4608","4608","4.907372321","4.907372321","False","scored"
"case_002","261945","61023","60477","181248","181248","4.292561821","4.331316038","True","scored"
"case_003","602212","560820","153592","3315930","6580482","1.073806212","3.920855253","True","scored"
"case_004","392357","88341","88341","442368","442368","4.441391879","4.441391879","False","scored"
"case_005","95618","95618","36336","0","1523442","1.000000000","2.631494936","True","scored"
"case_006","82837","26824","25863","736386","736386","3.088167313","3.202915362","True","scored"
"case_007","1012562","203834","203834","110592","110592","4.967581463","4.967581463","False","scored"
"case_008","487605","100603","100603","0","0","4.846823653","4.846823653","False","scored"
"case_009","153261","153261","44503","0","744450","1.000000000","3.443835247","True","scored"
"case_010","86969","21822","21074","406570","406570","3.985381725","4.126838759","True","scored"
"case_011","184697","49847","47789","1884160","1884160","3.705278151","3.864843374","True","scored"
"case_012","59088","14368","14368","137896","137896","4.112472160","4.112472160","False","scored"
"case_013","263949","54363","54363","32768","32768","4.855305999","4.855305999","False","scored"
"case_014","17698626","3665309","3665309","88238376","88238376","4.828685931","4.828685931","False","scored"
"case_015","177362","64843","43122","2366232","901632","2.735252841","4.113028153","True","scored"
"case_016","7715523","7715523","4059962","0","119572408","1.000000000","1.900392910","True","scored"
"case_017","162810","44241","41134","1156224","588672","3.680070523","3.958039578","True","scored"
"case_018","1004367","201392","201392","5582884","5582884","4.987124613","4.987124613","False","scored"
"case_019","81144","18931","18931","286816","286816","4.286302889","4.286302889","False","scored"
"case_020","532746","107650","107650","0","0","4.948871342","4.948871342","False","scored"
"case_021","6567937","1373463","1283116","22222848","18124800","4.782026891","5.118739849","True","scored"
"case_022","56780","13189","12818","114760","27648","4.305102737","4.429708223","True","scored"
"case_023","122614","34548","28261","775690","429024","3.549091120","4.338629206","True","scored"
"case_024","2555343","1780470","1581103","39323008","39328444","1.435206996","1.616177441","True","scored"
"case_025","4863026","975282","975282","110592","110592","4.986276790","4.986276790","False","scored"
"case_026","99203","37610","35574","827560","751096","2.637676150","2.788637769","True","scored"
"case_027","2363952","510549","510549","9510912","9510912","4.630215709","4.630215709","False","scored"
"case_028","43836040","41244172","9528372","336124416","336273408","1.062842042","4.600580246","True","scored"
"case_029","37555","9383","9383","0","0","4.002451242","4.002451242","False","scored"
"case_030","2808034","560819","560819","10660864","10660864","5.007023656","5.007023656","False","scored"
"case_031","1414369","567043","302029","21482066","13281792","2.494288793","4.682891378","True","scored"
"case_032","41443","10326","10197","159964","55440","4.013461166","4.064234579","True","scored"
"case_033","1774196","385426","375351","13167744","12826272","4.603207879","4.726765081","True","scored"
"case_034","842996","173623","173623","3350528","3350528","4.855324467","4.855324467","False","scored"
"case_035","169571","145935","48026","189068","998298","1.161962518","3.530816641","True","scored"
"case_036","931510","187182","187182","4608","4608","4.976493466","4.976493466","False","scored"
"case_037","210001","56156","46592","2375680","1925120","3.739600399","4.507233001","True","scored"
"case_038","1364555","273660","273660","7967776","7967776","4.986315136","4.986315136","False","scored"
"case_039","1435262","431161","395323","20480000","17604608","3.328830762","3.630605859","True","scored"
"case_040","253454","253454","74782","0","1967088","1.000000000","3.389238052","True","scored"
"case_041","6003957","3093537","1202006","64760832","38206464","1.940806591","4.994947613","True","scored"
"case_042","1686740","342779","342779","10375020","10375020","4.920779861","4.920779861","False","scored"
"case_043","677656","614352","165649","4187048","6117802","1.103041904","4.090915128","True","scored"
"case_044","154407","154407","120471","4438112","4933632","1.000000000","1.281694350","True","scored"
"case_045","125614","26164","26164","0","0","4.801024308","4.801024308","False","scored"
"case_046","276455","131291","131291","5887136","5887136","2.105666040","2.105666040","False","scored"
"case_047","326508","320462","101911","783664","2350420","1.018866511","3.203854343","True","scored"
"case_048","222220","222220","110872","0","754070","1.000000000","2.004293239","True","scored"
"case_049","196276","196276","49513","0","927844","1.000000000","3.964130632","True","scored"
"case_050","149690","149690","38173","0","856822","1.000000000","3.921358028","True","scored"
"case_051","607628","470730","375514","9044344","9045576","1.290820640","1.618123425","True","scored"
"case_052","180301","37440","37440","328704","328704","4.815731838","4.815731838","False","scored"
"case_053","1472686","708060","400697","13827220","12616464","2.079888710","3.675310771","True","scored"
"case_054","815051","536226","215247","4563326","6475432","1.519976652","3.786584714","True","scored"
"case_055","118835","38031","28050","1335564","247808","3.124687755","4.236541889","True","scored"
"case_056","277285","277285","72093","0","1610888","1.000000000","3.846212531","True","scored"
"case_057","59726","59726","14055","94216","70272","1.000000000","4.249448595","True","scored"
"case_058","4539717","991723","991723","32866304","32866304","4.577605844","4.577605844","False","scored"
"case_059","829473","150782","150782","4325376","4325376","5.501140720","5.501140720","False","scored"
"case_060","888789","182869","182869","6284040","6284040","4.860249687","4.860249687","False","scored"
"case_061","77191","19723","18851","168476","168476","3.913755514","4.094796032","True","scored"
"case_062","2854809","619625","619625","417792","417792","4.607317329","4.607317329","False","scored"
"case_063","1070397","241594","241594","313344","313344","4.430561189","4.430561189","False","scored"
"case_064","19116","19116","10078","0","110652","1.000000000","1.896804922","True","scored"
"case_065","53068","11459","11459","55872","55872","4.631119644","4.631119644","False","scored"
"case_066","359070","218648","93761","1723854","2968552","1.642228605","3.829630657","True","scored"
"case_067","63834834","63834834","14253135","264449408","271417600","1.000000000","4.478652170","True","scored"
"case_068","362095","352087","107634","2716832","2839008","1.028424793","3.364132152","True","scored"
"case_069","25144","25144","11294","0","379130","1.000000000","2.226314857","True","scored"
"case_070","117300","28605","28605","707092","707092","4.100681699","4.100681699","False","scored"
"case_071","18919","18919","9491","0","284492","1.000000000","1.993362133","True","scored"
"case_072","23897828","5019287","4761504","214588986","175833776","4.761199748","5.018966276","True","scored"
"case_073","10081626","3236843","3147467","142766336","142766336","3.114647822","3.203091883","True","scored"
"case_074","1682239","361719","350115","14983234","14401536","4.650679118","4.804818417","True","scored"
"case_075","1441809","1402382","375004","3902086","5477366","1.028114308","3.844782989","True","scored"
"case_076","6185113","3220023","1238672","74277888","38046720","1.920828826","4.993342063","True","scored"
"case_077","495320","211529","116609","3864634","1146880","2.341617461","4.247699577","True","scored"
"case_078","2296143","617353","553712","19407744","15469440","3.719335615","4.146818202","True","scored"
"case_079","31052251","6351055","6063684","105566208","91508736","4.889305950","5.121020653","True","scored"
"case_080","292138","113883","110771","4591616","4591616","2.565246788","2.637314821","True","scored"
"case_081","151795","30943","30943","0","0","4.905632938","4.905632938","False","scored"
"case_082","721041","709849","174445","3185772","3512114","1.015766733","4.133342887","True","scored"
"case_083","1057993","511288","442480","28679232","15058048","2.069270157","2.391052703","True","scored"
"case_084","2507412","503472","503472","0","0","4.980241205","4.980241205","False","scored"
"case_085","3187899","3108623","734212","9360568","12723768","1.025501967","4.341932575","True","scored"
"case_086","118403","118403","42689","0","1880934","1.000000000","2.773618497","True","scored"
"case_087","3974071","1595252","869798","24802158","37624340","2.491186972","4.568958540","True","scored"
"case_088","243623","243007","80426","1724126","2156612","1.002534906","3.029157238","True","scored"
"case_089","693092","381403","147432","238720","954880","1.817216959","4.701096099","True","scored"
"case_090","1178363","1063184","492093","26041344","25931520","1.108334023","2.394594111","True","scored"
"case_091","9186769","4634582","1952915","111883264","75454488","1.982221698","4.704131516","True","scored"
"case_092","4815554","1661234","1661234","66980256","66980256","2.898781267","2.898781267","False","scored"
"case_093","74205","15876","15876","32768","32768","4.674036281","4.674036281","False","scored"
"case_094","94892","24715","24504","669024","669024","3.839449727","3.872510611","True","scored"
"case_095","2084853","420852","420852","0","0","4.953886402","4.953886402","False","scored"
"case_096","84194","23209","19739","447582","332274","3.627644448","4.265362987","True","scored"
"case_097","11491509","2196504","2123528","35993600","29818880","5.231726871","5.411517531","True","scored"
"case_098","177430","50514","43965","766064","766064","3.512491586","4.035710224","True","scored"
"case_099","1622999","331403","331403","10842128","10842128","4.897357598","4.897357598","False","scored"
"case_100","151223","56406","43189","2241158","1046088","2.680973655","3.501423974","True","scored"
