"case","cores","status","makespan_cycles","added_copy_bytes","speedup","method","plan_file"
"case_001","1","scored","233110","0","1.0","singlecore",""
"case_001","2","scored","116868","1152","1.9946435294520313","hybrid","plans/case_001_2cores.json"
"case_001","3","scored","78545","2304","2.9678528232223567","hybrid","plans/case_001_3cores.json"
"case_001","4","scored","58984","3456","3.952088702020887","hybrid","plans/case_001_4cores.json"
"case_001","5","scored","47502","4608","4.907372321","generic_multi_candidate_official_score","plans/case_001_5cores.json"
"case_002","1","scored","261945","0","1.0","singlecore",""
"case_002","2","scored","141748","73728","1.847962581482631","hybrid","plans/case_002_2cores.json"
"case_002","3","scored","98801","153600","2.6512383477900023","hybrid","plans/case_002_3cores.json"
"case_002","4","scored","77557","153600","3.377451422824503","hybrid","plans/case_002_4cores.json"
"case_002","5","scored","60477","181248","4.331316038","generic_multi_candidate_official_score","plans/case_002_5cores.json"
"case_003","1","scored","602212","0","1.0","singlecore",""
"case_003","2","scored","539900","1921730","1.1154139655491757","hybrid","plans/case_003_2cores.json"
"case_003","3","scored","555688","2141946","1.0837232403794936","hybrid","plans/case_003_3cores.json"
"case_003","4","scored","562912","2997502","1.0698155306690922","hybrid","plans/case_003_4cores.json"
"case_003","5","scored","153592","6580482","3.920855253","generic_multi_candidate_official_score","plans/case_003_5cores.json"
"case_004","1","scored","392357","0","1.0","singlecore",""
"case_004","2","scored","199074","110592","1.9709103147573264","hybrid","plans/case_004_2cores.json"
"case_004","3","scored","134043","221184","2.927098020784375","hybrid","plans/case_004_3cores.json"
"case_004","4","scored","104188","331776","3.765855952700887","hybrid","plans/case_004_4cores.json"
"case_004","5","scored","88341","442368","4.441391879","generic_multi_candidate_official_score","plans/case_004_5cores.json"
"case_005","1","scored","95618","0","1.0","singlecore",""
"case_005","2","scored","93623","419064","1.0213088664110315","hybrid","plans/case_005_2cores.json"
"case_005","3","scored","93753","588734","1.0198926967670368","hybrid","plans/case_005_3cores.json"
"case_005","4","scored","95618","0","1.0","hybrid","plans/case_005_4cores.json"
"case_005","5","scored","36336","1523442","2.631494936","generic_multi_candidate_official_score","plans/case_005_5cores.json"
"case_006","1","scored","82837","16400","1.0","singlecore",""
"case_006","2","scored","68226","265204","1.2141558936475831","hybrid","plans/case_006_2cores.json"
"case_006","3","scored","82837","16400","1.0","hybrid","plans/case_006_3cores.json"
"case_006","4","scored","30485","765702","2.717303591930458","hybrid","plans/case_006_4cores.json"
"case_006","5","scored","25863","736386","3.202915362","generic_multi_candidate_official_score","plans/case_006_5cores.json"
"case_007","1","scored","1012562","0","1.0","singlecore",""
"case_007","2","scored","507494","27648","1.9952196479170197","hybrid","plans/case_007_2cores.json"
"case_007","3","scored","338094","55296","2.994912657426633","hybrid","plans/case_007_3cores.json"
"case_007","4","scored","254398","82944","3.980227831979811","hybrid","plans/case_007_4cores.json"
"case_007","5","scored","203834","110592","4.967581463","generic_multi_candidate_official_score","plans/case_007_5cores.json"
"case_008","1","scored","487605","0","1.0","singlecore",""
"case_008","2","scored","244266","0","1.9962049568912579","hybrid","plans/case_008_2cores.json"
"case_008","3","scored","163359","0","2.984867684057811","hybrid","plans/case_008_3cores.json"
"case_008","4","scored","123060","0","3.962335446123842","hybrid","plans/case_008_4cores.json"
"case_008","5","scored","100603","0","4.846823653","generic_multi_candidate_official_score","plans/case_008_5cores.json"
"case_009","1","scored","153261","0","1.0","singlecore",""
"case_009","2","scored","129671","229480","1.1819219409120003","hybrid","plans/case_009_2cores.json"
"case_009","3","scored","142073","172888","1.0787482491395268","hybrid","plans/case_009_3cores.json"
"case_009","4","scored","153261","0","1.0","hybrid","plans/case_009_4cores.json"
"case_009","5","scored","44503","744450","3.443835247","generic_multi_candidate_official_score","plans/case_009_5cores.json"
"case_010","1","scored","86969","0","1.0","singlecore",""
"case_010","2","scored","86969","0","1.0","hybrid","plans/case_010_2cores.json"
"case_010","3","scored","34223","320170","2.5412441925021185","hybrid","plans/case_010_3cores.json"
"case_010","4","scored","25881","368554","3.360341563308991","hybrid","plans/case_010_4cores.json"
"case_010","5","scored","21074","406570","4.126838759","generic_multi_candidate_official_score","plans/case_010_5cores.json"
"case_011","1","scored","184697","0","1.0","singlecore",""
"case_011","2","scored","92646","180224","1.9935777043801135","hybrid","plans/case_011_2cores.json"
"case_011","3","scored","70139","1728512","2.6332995908125296","hybrid","plans/case_011_3cores.json"
"case_011","4","scored","54397","1671168","3.3953526848907107","hybrid","plans/case_011_4cores.json"
"case_011","5","scored","47789","1884160","3.864843374","generic_multi_candidate_official_score","plans/case_011_5cores.json"
"case_012","1","scored","59088","0","1.0","singlecore",""
"case_012","2","scored","32250","192858","1.832186046511628","hybrid","plans/case_012_2cores.json"
"case_012","3","scored","27362","108500","2.1594912652583877","hybrid","plans/case_012_3cores.json"
"case_012","4","scored","17224","180614","3.4305620065025546","hybrid","plans/case_012_4cores.json"
"case_012","5","scored","14368","137896","4.112472160","generic_multi_candidate_official_score","plans/case_012_5cores.json"
"case_013","1","scored","263949","0","1.0","singlecore",""
"case_013","2","scored","132198","8192","1.9966187083011846","hybrid","plans/case_013_2cores.json"
"case_013","3","scored","88351","16384","2.98750438591527","hybrid","plans/case_013_3cores.json"
"case_013","4","scored","66982","24576","3.9405959810098237","hybrid","plans/case_013_4cores.json"
"case_013","5","scored","54363","32768","4.855305999","generic_multi_candidate_official_score","plans/case_013_5cores.json"
"case_014","1","scored","17698626","71010720","1.0","singlecore",""
"case_014","2","scored","8897730","71757240","1.989116999504368","hybrid","plans/case_014_2cores.json"
"case_014","3","scored","5985661","77714952","2.9568373484565864","hybrid","plans/case_014_3cores.json"
"case_014","4","scored","4515498","75948060","3.919529141636205","hybrid","plans/case_014_4cores.json"
"case_014","5","scored","3665309","88238376","4.828685931","generic_multi_candidate_official_score","plans/case_014_5cores.json"
"case_015","1","scored","177362","180256","1.0","singlecore",""
"case_015","2","scored","151937","1365358","1.1673390944931124","hybrid","plans/case_015_2cores.json"
"case_015","3","scored","88475","2360872","2.0046566826787227","hybrid","plans/case_015_3cores.json"
"case_015","4","scored","63147","2074400","2.808716170206027","hybrid","plans/case_015_4cores.json"
"case_015","5","scored","43122","901632","4.113028153","generic_multi_candidate_official_score","plans/case_015_5cores.json"
"case_016","1","scored","7715523","0","1.0","singlecore",""
"case_016","2","scored","7715523","0","1.0","hybrid","plans/case_016_2cores.json"
"case_016","3","scored","7715523","0","1.0","hybrid","plans/case_016_3cores.json"
"case_016","4","scored","7715523","0","1.0","hybrid","plans/case_016_4cores.json"
"case_016","5","scored","4059962","119572408","1.900392910","generic_multi_candidate_official_score","plans/case_016_5cores.json"
"case_017","1","scored","162810","22528","1.0","singlecore",""
"case_017","2","scored","79085","161388","2.0586710501359295","hybrid","plans/case_017_2cores.json"
"case_017","3","scored","55134","173952","2.9529872673849167","hybrid","plans/case_017_3cores.json"
"case_017","4","scored","55972","1254024","2.908775816479668","hybrid","plans/case_017_4cores.json"
"case_017","5","scored","41134","588672","3.958039578","generic_multi_candidate_official_score","plans/case_017_5cores.json"
"case_018","1","scored","1004367","1970176","1.0","singlecore",""
"case_018","2","scored","501088","2999356","2.0043724854716136","hybrid","plans/case_018_2cores.json"
"case_018","3","scored","338589","4630544","2.9663308613097294","hybrid","plans/case_018_3cores.json"
"case_018","4","scored","252704","5704744","3.9744800240597695","hybrid","plans/case_018_4cores.json"
"case_018","5","scored","201392","5582884","4.987124613","generic_multi_candidate_official_score","plans/case_018_5cores.json"
"case_019","1","scored","81144","0","1.0","singlecore",""
"case_019","2","scored","49918","105536","1.62554589526824","hybrid","plans/case_019_2cores.json"
"case_019","3","scored","28422","135744","2.8549715009499685","hybrid","plans/case_019_3cores.json"
"case_019","4","scored","22313","162912","3.636624389369426","hybrid","plans/case_019_4cores.json"
"case_019","5","scored","18931","286816","4.286302889","generic_multi_candidate_official_score","plans/case_019_5cores.json"
"case_020","1","scored","532746","0","1.0","singlecore",""
"case_020","2","scored","266580","0","1.9984469952734638","hybrid","plans/case_020_2cores.json"
"case_020","3","scored","177950","0","2.993796010115201","hybrid","plans/case_020_3cores.json"
"case_020","4","scored","133704","0","3.984518039849219","hybrid","plans/case_020_4cores.json"
"case_020","5","scored","107650","0","4.948871342","generic_multi_candidate_official_score","plans/case_020_5cores.json"
"case_021","1","scored","6567937","4501504","1.0","singlecore",""
"case_021","2","scored","3255503","21762048","2.01748762019264","hybrid","plans/case_021_2cores.json"
"case_021","3","scored","2187529","21958656","3.0024456818629606","hybrid","plans/case_021_3cores.json"
"case_021","4","scored","1691190","22222848","3.8836186353987427","hybrid","plans/case_021_4cores.json"
"case_021","5","scored","1283116","18124800","5.118739849","generic_multi_candidate_official_score","plans/case_021_5cores.json"
"case_022","1","scored","56780","0","1.0","singlecore",""
"case_022","2","scored","56780","0","1.0","hybrid","plans/case_022_2cores.json"
"case_022","3","scored","56780","0","1.0","hybrid","plans/case_022_3cores.json"
"case_022","4","scored","56780","0","1.0","hybrid","plans/case_022_4cores.json"
"case_022","5","scored","12818","27648","4.429708223","generic_multi_candidate_official_score","plans/case_022_5cores.json"
"case_023","1","scored","122614","0","1.0","singlecore",""
"case_023","2","scored","102112","407712","1.20077953619555","hybrid","plans/case_023_2cores.json"
"case_023","3","scored","117659","634280","1.0421132255076109","hybrid","plans/case_023_3cores.json"
"case_023","4","scored","40630","739298","3.0178193453113464","hybrid","plans/case_023_4cores.json"
"case_023","5","scored","28261","429024","4.338629206","generic_multi_candidate_official_score","plans/case_023_5cores.json"
"case_024","1","scored","2555343","0","1.0","singlecore",""
"case_024","2","scored","2555343","0","1.0","hybrid","plans/case_024_2cores.json"
"case_024","3","scored","1780470","39323008","1.4352069959055755","hybrid","plans/case_024_3cores.json"
"case_024","4","scored","1780470","39323008","1.4352069959055755","hybrid","plans/case_024_4cores.json"
"case_024","5","scored","1581103","39328444","1.616177441","generic_multi_candidate_official_score","plans/case_024_5cores.json"
"case_025","1","scored","4863026","0","1.0","singlecore",""
"case_025","2","scored","2431840","27648","1.9997310678334101","hybrid","plans/case_025_2cores.json"
"case_025","3","scored","1622164","55296","2.9978633479722148","hybrid","plans/case_025_3cores.json"
"case_025","4","scored","1217444","82944","3.9944555971362954","hybrid","plans/case_025_4cores.json"
"case_025","5","scored","975282","110592","4.986276790","generic_multi_candidate_official_score","plans/case_025_5cores.json"
"case_026","1","scored","99203","0","1.0","singlecore",""
"case_026","2","scored","99203","0","1.0","hybrid","plans/case_026_2cores.json"
"case_026","3","scored","42105","680104","2.356085975537347","hybrid","plans/case_026_3cores.json"
"case_026","4","scored","35574","751096","2.7886377691572495","hybrid","plans/case_026_4cores.json"
"case_026","5","scored","35574","751096","2.788637769","generic_multi_candidate_official_score","plans/case_026_5cores.json"
"case_027","1","scored","2363952","1400832","1.0","singlecore",""
"case_027","2","scored","1167223","7716864","2.025278802765196","hybrid","plans/case_027_2cores.json"
"case_027","3","scored","804118","7888896","2.9398073417085553","hybrid","plans/case_027_3cores.json"
"case_027","4","scored","640782","8798208","3.6891672987068924","hybrid","plans/case_027_4cores.json"
"case_027","5","scored","510549","9510912","4.630215709","generic_multi_candidate_official_score","plans/case_027_5cores.json"
"case_028","1","scored","43836040","277412256","1.0","singlecore",""
"case_028","2","scored","20709631","336587136","2.116698264686609","hybrid","plans/case_028_2cores.json"
"case_028","3","scored","13941315","337818624","3.144326055325484","hybrid","plans/case_028_3cores.json"
"case_028","4","scored","11363849","340720128","3.8574993384723784","hybrid","plans/case_028_4cores.json"
"case_028","5","scored","9528372","336273408","4.600580246","generic_multi_candidate_official_score","plans/case_028_5cores.json"
"case_029","1","scored","37555","0","1.0","singlecore",""
"case_029","2","scored","19740","0","1.9024822695035462","hybrid","plans/case_029_2cores.json"
"case_029","3","scored","12743","0","2.9471082162756024","hybrid","plans/case_029_3cores.json"
"case_029","4","scored","11028","0","3.405422560754443","hybrid","plans/case_029_4cores.json"
"case_029","5","scored","9383","0","4.002451242","generic_multi_candidate_official_score","plans/case_029_5cores.json"
"case_030","1","scored","2808034","5519360","1.0","singlecore",""
"case_030","2","scored","1399149","6877184","2.006958515497635","hybrid","plans/case_030_2cores.json"
"case_030","3","scored","933256","8949248","3.008857162450603","hybrid","plans/case_030_3cores.json"
"case_030","4","scored","698838","7811072","4.018147267320895","hybrid","plans/case_030_4cores.json"
"case_030","5","scored","560819","10660864","5.007023656","generic_multi_candidate_official_score","plans/case_030_5cores.json"
"case_031","1","scored","1414369","3491328","1.0","singlecore",""
"case_031","2","scored","784861","12710794","1.8020630404619418","hybrid","plans/case_031_2cores.json"
"case_031","3","scored","595604","16471242","2.3746801566141262","hybrid","plans/case_031_3cores.json"
"case_031","4","scored","519083","14530502","2.7247453682744376","hybrid","plans/case_031_4cores.json"
"case_031","5","scored","302029","13281792","4.682891378","generic_multi_candidate_official_score","plans/case_031_5cores.json"
"case_032","1","scored","41443","0","1.0","singlecore",""
"case_032","2","scored","34880","51320","1.1881594036697247","hybrid","plans/case_032_2cores.json"
"case_032","3","scored","36292","76922","1.141932106249311","hybrid","plans/case_032_3cores.json"
"case_032","4","scored","30349","221342","1.365547464496359","hybrid","plans/case_032_4cores.json"
"case_032","5","scored","10197","55440","4.064234579","generic_multi_candidate_official_score","plans/case_032_5cores.json"
"case_033","1","scored","1774196","4592640","1.0","singlecore",""
"case_033","2","scored","890145","6214204","1.9931539243606378","hybrid","plans/case_033_2cores.json"
"case_033","3","scored","588684","8385644","3.013834247236208","hybrid","plans/case_033_3cores.json"
"case_033","4","scored","475107","13640452","3.734308271610395","hybrid","plans/case_033_4cores.json"
"case_033","5","scored","375351","12826272","4.726765081","generic_multi_candidate_official_score","plans/case_033_5cores.json"
"case_034","1","scored","842996","1079832","1.0","singlecore",""
"case_034","2","scored","417854","1651200","2.0174414987052893","hybrid","plans/case_034_2cores.json"
"case_034","3","scored","278203","2906268","3.0301470508944908","hybrid","plans/case_034_3cores.json"
"case_034","4","scored","206816","3338808","4.076067615658363","hybrid","plans/case_034_4cores.json"
"case_034","5","scored","173623","3350528","4.855324467","generic_multi_candidate_official_score","plans/case_034_5cores.json"
"case_035","1","scored","169571","0","1.0","singlecore",""
"case_035","2","scored","140010","90792","1.2111349189343619","hybrid","plans/case_035_2cores.json"
"case_035","3","scored","144118","189792","1.1766122205415006","hybrid","plans/case_035_3cores.json"
"case_035","4","scored","145328","157582","1.1668157547065947","hybrid","plans/case_035_4cores.json"
"case_035","5","scored","48026","998298","3.530816641","generic_multi_candidate_official_score","plans/case_035_5cores.json"
"case_036","1","scored","931510","0","1.0","singlecore",""
"case_036","2","scored","466068","1152","1.998656848356892","hybrid","plans/case_036_2cores.json"
"case_036","3","scored","311345","2304","2.991890025534375","hybrid","plans/case_036_3cores.json"
"case_036","4","scored","233584","3456","3.987901568600589","hybrid","plans/case_036_4cores.json"
"case_036","5","scored","187182","4608","4.976493466","generic_multi_candidate_official_score","plans/case_036_5cores.json"
"case_037","1","scored","210001","0","1.0","singlecore",""
"case_037","2","scored","105374","204800","1.992910964754114","hybrid","plans/case_037_2cores.json"
"case_037","3","scored","74038","1064960","2.836394824279424","hybrid","plans/case_037_3cores.json"
"case_037","4","scored","62969","1859584","3.3349902332893966","hybrid","plans/case_037_4cores.json"
"case_037","5","scored","46592","1925120","4.507233001","generic_multi_candidate_official_score","plans/case_037_5cores.json"
"case_038","1","scored","1364555","5627904","1.0","singlecore",""
"case_038","2","scored","677654","4032176","2.0136456067550697","hybrid","plans/case_038_2cores.json"
"case_038","3","scored","452464","7173172","3.0158310937444748","hybrid","plans/case_038_3cores.json"
"case_038","4","scored","340451","8652800","4.008080457980737","hybrid","plans/case_038_4cores.json"
"case_038","5","scored","273660","7967776","4.986315136","generic_multi_candidate_official_score","plans/case_038_5cores.json"
"case_039","1","scored","1435262","7929856","1.0","singlecore",""
"case_039","2","scored","708561","11067392","2.025601183243221","hybrid","plans/case_039_2cores.json"
"case_039","3","scored","483917","14516224","2.96592597490892","hybrid","plans/case_039_3cores.json"
"case_039","4","scored","395323","17604608","3.6306058590064327","hybrid","plans/case_039_4cores.json"
"case_039","5","scored","395323","17604608","3.630605859","generic_multi_candidate_official_score","plans/case_039_5cores.json"
"case_040","1","scored","253454","0","1.0","singlecore",""
"case_040","2","scored","253244","1296582","1.0008292397845555","hybrid","plans/case_040_2cores.json"
"case_040","3","scored","249834","1487172","1.014489621108416","hybrid","plans/case_040_3cores.json"
"case_040","4","scored","253454","0","1.0","hybrid","plans/case_040_4cores.json"
"case_040","5","scored","74782","1967088","3.389238052","generic_multi_candidate_official_score","plans/case_040_5cores.json"
"case_041","1","scored","6003957","30898176","1.0","singlecore",""
"case_041","2","scored","3093537","64760832","1.940806591290164","hybrid","plans/case_041_2cores.json"
"case_041","3","scored","3093537","64760832","1.940806591290164","hybrid","plans/case_041_3cores.json"
"case_041","4","scored","3093537","64760832","1.940806591290164","hybrid","plans/case_041_4cores.json"
"case_041","5","scored","1202006","38206464","4.994947613","generic_multi_candidate_official_score","plans/case_041_5cores.json"
"case_042","1","scored","1686740","6629376","1.0","singlecore",""
"case_042","2","scored","849765","6830380","1.9849487799568115","hybrid","plans/case_042_2cores.json"
"case_042","3","scored","571060","8981068","2.9537001365880995","hybrid","plans/case_042_3cores.json"
"case_042","4","scored","431409","8640364","3.9098396185522324","hybrid","plans/case_042_4cores.json"
"case_042","5","scored","342779","10375020","4.920779861","generic_multi_candidate_official_score","plans/case_042_5cores.json"
"case_043","1","scored","677656","49160","1.0","singlecore",""
"case_043","2","scored","677656","49160","1.0","hybrid","plans/case_043_2cores.json"
"case_043","3","scored","598016","3450638","1.1331736943493151","hybrid","plans/case_043_3cores.json"
"case_043","4","scored","677656","49160","1.0","hybrid","plans/case_043_4cores.json"
"case_043","5","scored","165649","6117802","4.090915128","generic_multi_candidate_official_score","plans/case_043_5cores.json"
"case_044","1","scored","154407","4438112","1.0","singlecore",""
"case_044","2","scored","120471","4933632","1.2816943496775157","hybrid","plans/case_044_2cores.json"
"case_044","3","scored","154407","4438112","1.0","hybrid","plans/case_044_3cores.json"
"case_044","4","scored","154407","4438112","1.0","hybrid","plans/case_044_4cores.json"
"case_044","5","scored","120471","4933632","1.281694350","generic_multi_candidate_official_score","plans/case_044_5cores.json"
"case_045","1","scored","125614","0","1.0","singlecore",""
"case_045","2","scored","63059","0","1.99200748505368","hybrid","plans/case_045_2cores.json"
"case_045","3","scored","42601","0","2.94861622966597","hybrid","plans/case_045_3cores.json"
"case_045","4","scored","31878","0","3.940460505677897","hybrid","plans/case_045_4cores.json"
"case_045","5","scored","26164","0","4.801024308","generic_multi_candidate_official_score","plans/case_045_5cores.json"
"case_046","1","scored","276455","3176288","1.0","singlecore",""
"case_046","2","scored","267925","6842528","1.031837267892134","hybrid","plans/case_046_2cores.json"
"case_046","3","scored","273892","6820000","1.0093577030362333","hybrid","plans/case_046_3cores.json"
"case_046","4","scored","276455","3176288","1.0","hybrid","plans/case_046_4cores.json"
"case_046","5","scored","131291","5887136","2.105666040","generic_multi_candidate_official_score","plans/case_046_5cores.json"
"case_047","1","scored","326508","0","1.0","singlecore",""
"case_047","2","scored","321490","615988","1.0156085725839061","hybrid","plans/case_047_2cores.json"
"case_047","3","scored","322224","769760","1.0132950990615224","hybrid","plans/case_047_3cores.json"
"case_047","4","scored","321554","739520","1.015406432512113","hybrid","plans/case_047_4cores.json"
"case_047","5","scored","101911","2350420","3.203854343","generic_multi_candidate_official_score","plans/case_047_5cores.json"
"case_048","1","scored","222220","0","1.0","singlecore",""
"case_048","2","scored","219161","316346","1.0139577753341151","hybrid","plans/case_048_2cores.json"
"case_048","3","scored","219038","496910","1.0145271596709247","hybrid","plans/case_048_3cores.json"
"case_048","4","scored","214036","596688","1.038236558335981","hybrid","plans/case_048_4cores.json"
"case_048","5","scored","110872","754070","2.004293239","generic_multi_candidate_official_score","plans/case_048_5cores.json"
"case_049","1","scored","196276","0","1.0","singlecore",""
"case_049","2","scored","196276","0","1.0","hybrid","plans/case_049_2cores.json"
"case_049","3","scored","196276","0","1.0","hybrid","plans/case_049_3cores.json"
"case_049","4","scored","196276","0","1.0","hybrid","plans/case_049_4cores.json"
"case_049","5","scored","49513","927844","3.964130632","generic_multi_candidate_official_score","plans/case_049_5cores.json"
"case_050","1","scored","149690","0","1.0","singlecore",""
"case_050","2","scored","149690","0","1.0","hybrid","plans/case_050_2cores.json"
"case_050","3","scored","149690","0","1.0","hybrid","plans/case_050_3cores.json"
"case_050","4","scored","149690","0","1.0","hybrid","plans/case_050_4cores.json"
"case_050","5","scored","38173","856822","3.921358028","generic_multi_candidate_official_score","plans/case_050_5cores.json"
"case_051","1","scored","607628","0","1.0","singlecore",""
"case_051","2","scored","607628","0","1.0","hybrid","plans/case_051_2cores.json"
"case_051","3","scored","423422","9044298","1.4350411646064682","hybrid","plans/case_051_3cores.json"
"case_051","4","scored","470730","9044344","1.290820640282115","hybrid","plans/case_051_4cores.json"
"case_051","5","scored","375514","9045576","1.618123425","generic_multi_candidate_official_score","plans/case_051_5cores.json"
"case_052","1","scored","180301","0","1.0","singlecore",""
"case_052","2","scored","90631","78336","1.98939656408955","hybrid","plans/case_052_2cores.json"
"case_052","3","scored","60338","156672","2.9881832344459545","hybrid","plans/case_052_3cores.json"
"case_052","4","scored","46558","254976","3.8726105073241976","hybrid","plans/case_052_4cores.json"
"case_052","5","scored","37440","328704","4.815731838","generic_multi_candidate_official_score","plans/case_052_5cores.json"
"case_053","1","scored","1472686","5405536","1.0","singlecore",""
"case_053","2","scored","771456","12337510","1.9089695329351253","hybrid","plans/case_053_2cores.json"
"case_053","3","scored","951221","13121630","1.5482059374214825","hybrid","plans/case_053_3cores.json"
"case_053","4","scored","719076","13419508","2.0480255216416623","hybrid","plans/case_053_4cores.json"
"case_053","5","scored","400697","12616464","3.675310771","generic_multi_candidate_official_score","plans/case_053_5cores.json"
"case_054","1","scored","815051","0","1.0","singlecore",""
"case_054","2","scored","532660","2897210","1.530152442458604","hybrid","plans/case_054_2cores.json"
"case_054","3","scored","549975","2864412","1.4819782717396246","hybrid","plans/case_054_3cores.json"
"case_054","4","scored","815051","0","1.0","hybrid","plans/case_054_4cores.json"
"case_054","5","scored","215247","6475432","3.786584714","generic_multi_candidate_official_score","plans/case_054_5cores.json"
"case_055","1","scored","118835","69632","1.0","singlecore",""
"case_055","2","scored","118835","69632","1.0","hybrid","plans/case_055_2cores.json"
"case_055","3","scored","92410","671976","1.2859539010929553","hybrid","plans/case_055_3cores.json"
"case_055","4","scored","97537","861432","1.218358161518193","hybrid","plans/case_055_4cores.json"
"case_055","5","scored","28050","247808","4.236541889","generic_multi_candidate_official_score","plans/case_055_5cores.json"
"case_056","1","scored","277285","0","1.0","singlecore",""
"case_056","2","scored","277285","0","1.0","hybrid","plans/case_056_2cores.json"
"case_056","3","scored","277285","0","1.0","hybrid","plans/case_056_3cores.json"
"case_056","4","scored","277285","0","1.0","hybrid","plans/case_056_4cores.json"
"case_056","5","scored","72093","1610888","3.846212531","generic_multi_candidate_official_score","plans/case_056_5cores.json"
"case_057","1","scored","59726","94216","1.0","singlecore",""
"case_057","2","scored","59726","94216","1.0","hybrid","plans/case_057_2cores.json"
"case_057","3","scored","56077","328362","1.065071241328887","hybrid","plans/case_057_3cores.json"
"case_057","4","scored","59726","94216","1.0","hybrid","plans/case_057_4cores.json"
"case_057","5","scored","14055","70272","4.249448595","generic_multi_candidate_official_score","plans/case_057_5cores.json"
"case_058","1","scored","4539717","28696576","1.0","singlecore",""
"case_058","2","scored","2275721","96780288","1.9948477867014454","hybrid","plans/case_058_2cores.json"
"case_058","3","scored","1554831","30400512","2.9197494775959574","hybrid","plans/case_058_3cores.json"
"case_058","4","scored","2275721","96780288","1.9948477867014454","hybrid","plans/case_058_4cores.json"
"case_058","5","scored","991723","32866304","4.577605844","generic_multi_candidate_official_score","plans/case_058_5cores.json"
"case_059","1","scored","829473","1691648","1.0","singlecore",""
"case_059","2","scored","369318","360448","2.2459587672412393","hybrid","plans/case_059_2cores.json"
"case_059","3","scored","254422","3889152","3.2602251377632436","hybrid","plans/case_059_3cores.json"
"case_059","4","scored","185216","1081344","4.478408992743607","hybrid","plans/case_059_4cores.json"
"case_059","5","scored","150782","4325376","5.501140720","generic_multi_candidate_official_score","plans/case_059_5cores.json"
"case_060","1","scored","888789","2068520","1.0","singlecore",""
"case_060","2","scored","439815","2694284","2.0208246649159305","hybrid","plans/case_060_2cores.json"
"case_060","3","scored","289133","4170136","3.0739797947657306","hybrid","plans/case_060_3cores.json"
"case_060","4","scored","216865","5593732","4.098351509003297","hybrid","plans/case_060_4cores.json"
"case_060","5","scored","182869","6284040","4.860249687","generic_multi_candidate_official_score","plans/case_060_5cores.json"
"case_061","1","scored","77191","0","1.0","singlecore",""
"case_061","2","scored","67761","283056","1.1391655967296823","hybrid","plans/case_061_2cores.json"
"case_061","3","scored","29468","75776","2.6194855436405593","hybrid","plans/case_061_3cores.json"
"case_061","4","scored","23695","136220","3.2576914960962227","hybrid","plans/case_061_4cores.json"
"case_061","5","scored","18851","168476","4.094796032","generic_multi_candidate_official_score","plans/case_061_5cores.json"
"case_062","1","scored","2854809","0","1.0","singlecore",""
"case_062","2","scored","1450948","208896","1.9675474241668205","hybrid","plans/case_062_2cores.json"
"case_062","3","scored","981188","325632","2.909543329107164","hybrid","plans/case_062_3cores.json"
"case_062","4","scored","745782","445440","3.8279403364522073","hybrid","plans/case_062_4cores.json"
"case_062","5","scored","619625","417792","4.607317329","generic_multi_candidate_official_score","plans/case_062_5cores.json"
"case_063","1","scored","1070397","0","1.0","singlecore",""
"case_063","2","scored","559279","313344","1.913887344241425","hybrid","plans/case_063_2cores.json"
"case_063","3","scored","375709","333312","2.849005480305236","hybrid","plans/case_063_3cores.json"
"case_063","4","scored","294489","313344","3.6347605513278936","hybrid","plans/case_063_4cores.json"
"case_063","5","scored","241594","313344","4.430561189","generic_multi_candidate_official_score","plans/case_063_5cores.json"
"case_064","1","scored","19116","0","1.0","singlecore",""
"case_064","2","scored","19116","0","1.0","hybrid","plans/case_064_2cores.json"
"case_064","3","scored","19116","0","1.0","hybrid","plans/case_064_3cores.json"
"case_064","4","scored","19116","0","1.0","hybrid","plans/case_064_4cores.json"
"case_064","5","scored","10078","110652","1.896804922","generic_multi_candidate_official_score","plans/case_064_5cores.json"
"case_065","1","scored","53068","0","1.0","singlecore",""
"case_065","2","scored","26960","13968","1.9683976261127596","hybrid","plans/case_065_2cores.json"
"case_065","3","scored","18032","27936","2.9429902395740903","hybrid","plans/case_065_3cores.json"
"case_065","4","scored","13910","41904","3.81509705248023","hybrid","plans/case_065_4cores.json"
"case_065","5","scored","11459","55872","4.631119644","generic_multi_candidate_official_score","plans/case_065_5cores.json"
"case_066","1","scored","359070","0","1.0","singlecore",""
"case_066","2","scored","240266","1541818","1.4944686306010837","hybrid","plans/case_066_2cores.json"
"case_066","3","scored","209438","1465992","1.7144453251081466","hybrid","plans/case_066_3cores.json"
"case_066","4","scored","239282","2133546","1.5006143378942","hybrid","plans/case_066_4cores.json"
"case_066","5","scored","93761","2968552","3.829630657","generic_multi_candidate_official_score","plans/case_066_5cores.json"
"case_067","1","scored","63834834","264449408","1.0","singlecore",""
"case_067","2","scored","32281863","270584064","1.9774210057207664","hybrid","plans/case_067_2cores.json"
"case_067","3","scored","22088605","272734464","2.889944113718363","hybrid","plans/case_067_3cores.json"
"case_067","4","scored","63834834","264449408","1.0","hybrid","plans/case_067_4cores.json"
"case_067","5","scored","14253135","271417600","4.478652170","generic_multi_candidate_official_score","plans/case_067_5cores.json"
"case_068","1","scored","362095","0","1.0","singlecore",""
"case_068","2","scored","351020","996550","1.0315509087801265","hybrid","plans/case_068_2cores.json"
"case_068","3","scored","352994","1813414","1.025782307914582","hybrid","plans/case_068_3cores.json"
"case_068","4","scored","352519","2057080","1.0271644932613562","hybrid","plans/case_068_4cores.json"
"case_068","5","scored","107634","2839008","3.364132152","generic_multi_candidate_official_score","plans/case_068_5cores.json"
"case_069","1","scored","25144","0","1.0","singlecore",""
"case_069","2","scored","25144","0","1.0","hybrid","plans/case_069_2cores.json"
"case_069","3","scored","21954","92102","1.1453038170720597","hybrid","plans/case_069_3cores.json"
"case_069","4","scored","25144","0","1.0","hybrid","plans/case_069_4cores.json"
"case_069","5","scored","11294","379130","2.226314857","generic_multi_candidate_official_score","plans/case_069_5cores.json"
"case_070","1","scored","117300","0","1.0","singlecore",""
"case_070","2","scored","96473","564496","1.2158842370404155","hybrid","plans/case_070_2cores.json"
"case_070","3","scored","42844","517140","2.7378396041452713","hybrid","plans/case_070_3cores.json"
"case_070","4","scored","32687","619028","3.5885826169425155","hybrid","plans/case_070_4cores.json"
"case_070","5","scored","28605","707092","4.100681699","generic_multi_candidate_official_score","plans/case_070_5cores.json"
"case_071","1","scored","18919","0","1.0","singlecore",""
"case_071","2","scored","18919","0","1.0","hybrid","plans/case_071_2cores.json"
"case_071","3","scored","18919","0","1.0","hybrid","plans/case_071_3cores.json"
"case_071","4","scored","18919","0","1.0","hybrid","plans/case_071_4cores.json"
"case_071","5","scored","9491","284492","1.993362133","generic_multi_candidate_official_score","plans/case_071_5cores.json"
"case_072","1","scored","23897828","108613680","1.0","singlecore",""
"case_072","2","scored","11809453","171067894","2.023618536777275","hybrid","plans/case_072_2cores.json"
"case_072","3","scored","8026251","188299060","2.9774583426309493","hybrid","plans/case_072_3cores.json"
"case_072","4","scored","6170975","180058612","3.872617860224681","hybrid","plans/case_072_4cores.json"
"case_072","5","scored","4761504","175833776","5.018966276","generic_multi_candidate_official_score","plans/case_072_5cores.json"
"case_073","1","scored","10081626","141570432","1.0","singlecore",""
"case_073","2","scored","5390989","142376192","1.8700884012191454","hybrid","plans/case_073_2cores.json"
"case_073","3","scored","4105796","142983424","2.455461985934031","hybrid","plans/case_073_3cores.json"
"case_073","4","scored","3515772","142738176","2.8675426051518698","hybrid","plans/case_073_4cores.json"
"case_073","5","scored","3147467","142766336","3.203091883","generic_multi_candidate_official_score","plans/case_073_5cores.json"
"case_074","1","scored","1682239","6070280","1.0","singlecore",""
"case_074","2","scored","832078","7368768","2.0217323375933507","hybrid","plans/case_074_2cores.json"
"case_074","3","scored","554427","7868428","3.0341938614100683","hybrid","plans/case_074_3cores.json"
"case_074","4","scored","442796","15048774","3.799128718416607","hybrid","plans/case_074_4cores.json"
"case_074","5","scored","350115","14401536","4.804818417","generic_multi_candidate_official_score","plans/case_074_5cores.json"
"case_075","1","scored","1441809","0","1.0","singlecore",""
"case_075","2","scored","1395526","3201982","1.0331652724492413","hybrid","plans/case_075_2cores.json"
"case_075","3","scored","1348289","3163530","1.0693619839663455","hybrid","plans/case_075_3cores.json"
"case_075","4","scored","1399273","3715238","1.0303986427237573","hybrid","plans/case_075_4cores.json"
"case_075","5","scored","375004","5477366","3.844782989","generic_multi_candidate_official_score","plans/case_075_5cores.json"
"case_076","1","scored","6185113","28280832","1.0","singlecore",""
"case_076","2","scored","3220023","74277888","1.9208288263779483","hybrid","plans/case_076_2cores.json"
"case_076","3","scored","3220023","74277888","1.9208288263779483","hybrid","plans/case_076_3cores.json"
"case_076","4","scored","3220023","74277888","1.9208288263779483","hybrid","plans/case_076_4cores.json"
"case_076","5","scored","1238672","38046720","4.993342063","generic_multi_candidate_official_score","plans/case_076_5cores.json"
"case_077","1","scored","495320","0","1.0","singlecore",""
"case_077","2","scored","287096","3369614","1.7252765625435393","hybrid","plans/case_077_2cores.json"
"case_077","3","scored","226226","1759152","2.1894919240051984","hybrid","plans/case_077_3cores.json"
"case_077","4","scored","214450","3942378","2.3097225460480297","hybrid","plans/case_077_4cores.json"
"case_077","5","scored","116609","1146880","4.247699577","generic_multi_candidate_official_score","plans/case_077_5cores.json"
"case_078","1","scored","2296143","12644568","1.0","singlecore",""
"case_078","2","scored","2199690","16056192","1.0438484513726933","hybrid","plans/case_078_2cores.json"
"case_078","3","scored","2197957","16329600","1.0446714835640551","hybrid","plans/case_078_3cores.json"
"case_078","4","scored","796966","19072896","2.881105342009571","hybrid","plans/case_078_4cores.json"
"case_078","5","scored","553712","15469440","4.146818202","generic_multi_candidate_official_score","plans/case_078_5cores.json"
"case_079","1","scored","31052251","32448512","1.0","singlecore",""
"case_079","2","scored","15446486","31780864","2.010311665708304","hybrid","plans/case_079_2cores.json"
"case_079","3","scored","15446486","31780864","2.010311665708304","hybrid","plans/case_079_3cores.json"
"case_079","4","scored","7635624","30445568","4.066760097144647","hybrid","plans/case_079_4cores.json"
"case_079","5","scored","6063684","91508736","5.121020653","generic_multi_candidate_official_score","plans/case_079_5cores.json"
"case_080","1","scored","292138","548864","1.0","singlecore",""
"case_080","2","scored","158816","4984832","1.8394746121297603","hybrid","plans/case_080_2cores.json"
"case_080","3","scored","124643","5369856","2.3437978867646","hybrid","plans/case_080_3cores.json"
"case_080","4","scored","114802","4722688","2.544711764603404","hybrid","plans/case_080_4cores.json"
"case_080","5","scored","110771","4591616","2.637314821","generic_multi_candidate_official_score","plans/case_080_5cores.json"
"case_081","1","scored","151795","0","1.0","singlecore",""
"case_081","2","scored","76860","0","1.9749544626593807","hybrid","plans/case_081_2cores.json"
"case_081","3","scored","51943","0","2.9223379473653814","hybrid","plans/case_081_3cores.json"
"case_081","4","scored","39588","0","3.834369000707285","hybrid","plans/case_081_4cores.json"
"case_081","5","scored","30943","0","4.905632938","generic_multi_candidate_official_score","plans/case_081_5cores.json"
"case_082","1","scored","721041","0","1.0","singlecore",""
"case_082","2","scored","696336","2268492","1.0354785620734817","hybrid","plans/case_082_2cores.json"
"case_082","3","scored","691392","2835036","1.0428830533185227","hybrid","plans/case_082_3cores.json"
"case_082","4","scored","561555","3260596","1.2840077997702808","hybrid","plans/case_082_4cores.json"
"case_082","5","scored","174445","3512114","4.133342887","generic_multi_candidate_official_score","plans/case_082_5cores.json"
"case_083","1","scored","1057993","13934688","1.0","singlecore",""
"case_083","2","scored","585399","14832640","1.8073023698366413","hybrid","plans/case_083_2cores.json"
"case_083","3","scored","695934","23433760","1.520249046604994","hybrid","plans/case_083_3cores.json"
"case_083","4","scored","835533","23402848","1.2662492085890085","hybrid","plans/case_083_4cores.json"
"case_083","5","scored","442480","15058048","2.391052703","generic_multi_candidate_official_score","plans/case_083_5cores.json"
"case_084","1","scored","2507412","0","1.0","singlecore",""
"case_084","2","scored","1254745","9216","1.998343886606442","hybrid","plans/case_084_2cores.json"
"case_084","3","scored","836116","18432","2.9988805381071524","hybrid","plans/case_084_3cores.json"
"case_084","4","scored","629028","0","3.986169137144928","hybrid","plans/case_084_4cores.json"
"case_084","5","scored","503472","0","4.980241205","generic_multi_candidate_official_score","plans/case_084_5cores.json"
"case_085","1","scored","3187899","0","1.0","singlecore",""
"case_085","2","scored","3022169","7050164","1.054838098067977","hybrid","plans/case_085_2cores.json"
"case_085","3","scored","2947244","7856460","1.081654250547291","hybrid","plans/case_085_3cores.json"
"case_085","4","scored","3051600","8073444","1.0446647660243806","hybrid","plans/case_085_4cores.json"
"case_085","5","scored","734212","12723768","4.341932575","generic_multi_candidate_official_score","plans/case_085_5cores.json"
"case_086","1","scored","118403","0","1.0","singlecore",""
"case_086","2","scored","118403","0","1.0","hybrid","plans/case_086_2cores.json"
"case_086","3","scored","118403","0","1.0","hybrid","plans/case_086_3cores.json"
"case_086","4","scored","118403","0","1.0","hybrid","plans/case_086_4cores.json"
"case_086","5","scored","42689","1880934","2.773618497","generic_multi_candidate_official_score","plans/case_086_5cores.json"
"case_087","1","scored","3974071","7902720","1.0","singlecore",""
"case_087","2","scored","2347112","23331652","1.6931748463643832","hybrid","plans/case_087_2cores.json"
"case_087","3","scored","1799067","24570420","2.2089622009630547","hybrid","plans/case_087_3cores.json"
"case_087","4","scored","3949812","23948172","1.0061418113064622","hybrid","plans/case_087_4cores.json"
"case_087","5","scored","869798","37624340","4.568958540","generic_multi_candidate_official_score","plans/case_087_5cores.json"
"case_088","1","scored","243623","0","1.0","singlecore",""
"case_088","2","scored","241380","1041224","1.0092924020217084","hybrid","plans/case_088_2cores.json"
"case_088","3","scored","243623","0","1.0","hybrid","plans/case_088_3cores.json"
"case_088","4","scored","241836","1522660","1.007389305148944","hybrid","plans/case_088_4cores.json"
"case_088","5","scored","80426","2156612","3.029157238","generic_multi_candidate_official_score","plans/case_088_5cores.json"
"case_089","1","scored","693092","0","1.0","singlecore",""
"case_089","2","scored","346832","238720","1.998350786547954","hybrid","plans/case_089_2cores.json"
"case_089","3","scored","243614","477440","2.8450417463692563","hybrid","plans/case_089_3cores.json"
"case_089","4","scored","178160","716160","3.8902784014369107","hybrid","plans/case_089_4cores.json"
"case_089","5","scored","147432","954880","4.701096099","generic_multi_candidate_official_score","plans/case_089_5cores.json"
"case_090","1","scored","1178363","21233592","1.0","singlecore",""
"case_090","2","scored","900503","26036352","1.3085608820847905","hybrid","plans/case_090_2cores.json"
"case_090","3","scored","1059743","26026368","1.1119327988012189","hybrid","plans/case_090_3cores.json"
"case_090","4","scored","772038","26042880","1.5263018141594067","hybrid","plans/case_090_4cores.json"
"case_090","5","scored","492093","25931520","2.394594111","generic_multi_candidate_official_score","plans/case_090_5cores.json"
"case_091","1","scored","9186769","53947008","1.0","singlecore",""
"case_091","2","scored","4634582","111883264","1.982221697663349","hybrid","plans/case_091_2cores.json"
"case_091","3","scored","4634582","111883264","1.982221697663349","hybrid","plans/case_091_3cores.json"
"case_091","4","scored","4634582","111883264","1.982221697663349","hybrid","plans/case_091_4cores.json"
"case_091","5","scored","1952915","75454488","4.704131516","generic_multi_candidate_official_score","plans/case_091_5cores.json"
"case_092","1","scored","4815554","66000096","1.0","singlecore",""
"case_092","2","scored","2828252","66389088","1.702660866146298","hybrid","plans/case_092_2cores.json"
"case_092","3","scored","2130538","66920928","2.2602525747017888","hybrid","plans/case_092_3cores.json"
"case_092","4","scored","1927728","67180384","2.4980464048869964","hybrid","plans/case_092_4cores.json"
"case_092","5","scored","1661234","66980256","2.898781267","generic_multi_candidate_official_score","plans/case_092_5cores.json"
"case_093","1","scored","74205","0","1.0","singlecore",""
"case_093","2","scored","37827","8192","1.9616940280751844","hybrid","plans/case_093_2cores.json"
"case_093","3","scored","25103","16384","2.956021192686133","hybrid","plans/case_093_3cores.json"
"case_093","4","scored","19779","24576","3.751706355225239","hybrid","plans/case_093_4cores.json"
"case_093","5","scored","15876","32768","4.674036281","generic_multi_candidate_official_score","plans/case_093_5cores.json"
"case_094","1","scored","94892","0","1.0","singlecore",""
"case_094","2","scored","47153","151328","2.0124276292070493","hybrid","plans/case_094_2cores.json"
"case_094","3","scored","32381","220752","2.930483925758933","hybrid","plans/case_094_3cores.json"
"case_094","4","scored","29815","595008","3.1826932751970483","hybrid","plans/case_094_4cores.json"
"case_094","5","scored","24504","669024","3.872510611","generic_multi_candidate_official_score","plans/case_094_5cores.json"
"case_095","1","scored","2084853","0","1.0","singlecore",""
"case_095","2","scored","1042787","36864","1.999308583632132","hybrid","plans/case_095_2cores.json"
"case_095","3","scored","695775","0","2.9964471273040854","hybrid","plans/case_095_3cores.json"
"case_095","4","scored","524422","0","3.9755254356224565","hybrid","plans/case_095_4cores.json"
"case_095","5","scored","420852","0","4.953886402","generic_multi_candidate_official_score","plans/case_095_5cores.json"
"case_096","1","scored","84194","0","1.0","singlecore",""
"case_096","2","scored","84194","0","1.0","hybrid","plans/case_096_2cores.json"
"case_096","3","scored","32266","310962","2.609372094464762","hybrid","plans/case_096_3cores.json"
"case_096","4","scored","25369","260786","3.318774882730892","hybrid","plans/case_096_4cores.json"
"case_096","5","scored","19739","332274","4.265362987","generic_multi_candidate_official_score","plans/case_096_5cores.json"
"case_097","1","scored","11491509","10584064","1.0","singlecore",""
"case_097","2","scored","5241624","32989184","2.192356605510048","hybrid","plans/case_097_2cores.json"
"case_097","3","scored","3586969","35987456","3.2036822732507586","hybrid","plans/case_097_3cores.json"
"case_097","4","scored","2710505","36079616","4.2396191853547585","hybrid","plans/case_097_4cores.json"
"case_097","5","scored","2123528","29818880","5.411517531","generic_multi_candidate_official_score","plans/case_097_5cores.json"
"case_098","1","scored","177430","0","1.0","singlecore",""
"case_098","2","scored","98812","909430","1.7956321094603895","hybrid","plans/case_098_2cores.json"
"case_098","3","scored","69847","749690","2.5402665826735578","hybrid","plans/case_098_3cores.json"
"case_098","4","scored","57739","798842","3.0729662792912937","hybrid","plans/case_098_4cores.json"
"case_098","5","scored","43965","766064","4.035710224","generic_multi_candidate_official_score","plans/case_098_5cores.json"
"case_099","1","scored","1622999","5484544","1.0","singlecore",""
"case_099","2","scored","811392","7303168","2.0002649767313456","hybrid","plans/case_099_2cores.json"
"case_099","3","scored","541765","7999488","2.9957620001292073","hybrid","plans/case_099_3cores.json"
"case_099","4","scored","410213","9666568","3.9564787074032273","hybrid","plans/case_099_4cores.json"
"case_099","5","scored","331403","10842128","4.897357598","generic_multi_candidate_official_score","plans/case_099_5cores.json"
"case_100","1","scored","151223","0","1.0","singlecore",""
"case_100","2","scored","82089","595712","1.8421834837798","hybrid","plans/case_100_2cores.json"
"case_100","3","scored","56062","1035376","2.6974242802611395","hybrid","plans/case_100_3cores.json"
"case_100","4","scored","43243","1046088","3.4970515459149456","hybrid","plans/case_100_4cores.json"
"case_100","5","scored","43189","1046088","3.501423974","generic_multi_candidate_official_score","plans/case_100_5cores.json"
