case,cores,status,makespan_cycles,added_copy_bytes,speedup,spill_added_copy_bytes,official_evals,solver_seconds,plan_file,result_file
case_001,1,singlecore_reference,233110,0,1.000000000,,0,0,,
case_001,2,scored,116868,1152,1.994643529,0,5,3.506,results_problem2/case_001_2cores/best_plan.json,
case_001,3,scored,78545,2304,2.967852823,0,6,4.262,results_problem2/case_001_3cores/best_plan.json,
case_001,4,scored,58984,3456,3.952088702,0,5,2.454,results_problem2/case_001_4cores/best_plan.json,
case_001,5,scored,47502,4608,4.907372321,0,5,3.622,results_problem2/case_001_5cores/best_plan.json,
case_002,1,singlecore_reference,261945,0,1.000000000,,0,0,,
case_002,2,scored,132664,273408,1.974499487,0,8,14.281,results_problem2/case_002_2cores/best_plan.json,
case_002,3,scored,89603,331776,2.923395422,0,7,14.444,results_problem2/case_002_3cores/best_plan.json,
case_002,4,scored,68778,384000,3.808557969,0,7,15.318,results_problem2/case_002_4cores/best_plan.json,
case_002,5,scored,54733,150528,4.785869585,0,11,21.565,results_problem2/case_002_5cores/best_plan.json,
case_003,1,singlecore_reference,602212,0,1.000000000,,0,0,,
case_003,2,scored,314359,1432334,1.915682389,0,11,176.308,results_problem2/case_003_2cores/best_plan.json,
case_003,3,scored,213477,2286872,2.820969004,0,11,167.900,results_problem2/case_003_3cores/best_plan.json,
case_003,4,scored,178372,3378264,3.376157693,0,11,165.800,results_problem2/case_003_4cores/best_plan.json,
case_003,5,scored,142562,4613028,4.224211220,0,11,163.882,results_problem2/case_003_5cores/best_plan.json,
case_004,1,singlecore_reference,392357,0,1.000000000,,0,0,,
case_004,2,scored,199074,110592,1.970910315,0,5,5.299,results_problem2/case_004_2cores/best_plan.json,
case_004,3,scored,134043,221184,2.927098021,0,6,4.802,results_problem2/case_004_3cores/best_plan.json,
case_004,4,scored,104188,331776,3.765855953,0,7,6.838,results_problem2/case_004_4cores/best_plan.json,
case_004,5,scored,88341,442368,4.441391879,0,5,4.157,results_problem2/case_004_5cores/best_plan.json,
case_005,1,singlecore_reference,95618,0,1.000000000,,0,0,,
case_005,2,scored,50595,490118,1.889870541,0,12,36.265,results_problem2/case_005_2cores/best_plan.json,
case_005,3,scored,37033,813578,2.581967434,0,10,31.476,results_problem2/case_005_3cores/best_plan.json,
case_005,4,scored,31896,1187408,2.997805367,0,10,33.755,results_problem2/case_005_4cores/best_plan.json,
case_005,5,scored,32002,1405080,2.987875758,0,10,35.480,results_problem2/case_005_5cores/best_plan.json,
case_006,1,singlecore_reference,82837,0,1.000000000,,0,0,,
case_006,2,scored,38939,150472,2.127353039,0,11,6.800,results_problem2/case_006_2cores/best_plan.json,
case_006,3,scored,26530,352612,3.122389747,0,11,7.492,results_problem2/case_006_3cores/best_plan.json,
case_006,4,scored,21219,317704,3.903906876,0,9,4.451,results_problem2/case_006_4cores/best_plan.json,
case_006,5,scored,19260,422428,4.300986501,0,11,8.298,results_problem2/case_006_5cores/best_plan.json,
case_007,1,singlecore_reference,1012562,0,1.000000000,,0,0,,
case_007,2,scored,507494,27648,1.995219648,0,5,17.804,results_problem2/case_007_2cores/best_plan.json,
case_007,3,scored,338094,55296,2.994912657,0,6,19.316,results_problem2/case_007_3cores/best_plan.json,
case_007,4,scored,254398,82944,3.980227832,0,6,19.002,results_problem2/case_007_4cores/best_plan.json,
case_007,5,scored,203834,110592,4.967581463,0,6,18.947,results_problem2/case_007_5cores/best_plan.json,
case_008,1,singlecore_reference,487605,0,1.000000000,,0,0,,
case_008,2,scored,244266,0,1.996204957,0,5,4.357,results_problem2/case_008_2cores/best_plan.json,
case_008,3,scored,163359,0,2.984867684,0,6,5.560,results_problem2/case_008_3cores/best_plan.json,
case_008,4,scored,123060,0,3.962335446,0,6,5.763,results_problem2/case_008_4cores/best_plan.json,
case_008,5,scored,100603,0,4.846823653,0,6,5.911,results_problem2/case_008_5cores/best_plan.json,
case_009,1,singlecore_reference,153261,0,1.000000000,,0,0,,
case_009,2,scored,81040,379766,1.891177196,0,11,56.874,results_problem2/case_009_2cores/best_plan.json,
case_009,3,scored,56020,524498,2.735826491,0,11,58.044,results_problem2/case_009_3cores/best_plan.json,
case_009,4,scored,43280,686002,3.541150647,0,11,59.882,results_problem2/case_009_4cores/best_plan.json,
case_009,5,scored,36606,740232,4.186772660,0,11,60.301,results_problem2/case_009_5cores/best_plan.json,
case_010,1,singlecore_reference,86969,0,1.000000000,,0,0,,
case_010,2,scored,43413,259252,2.003293944,0,6,4.444,results_problem2/case_010_2cores/best_plan.json,
case_010,3,scored,29785,263364,2.919892563,0,11,7.411,results_problem2/case_010_3cores/best_plan.json,
case_010,4,scored,23588,362832,3.687001865,0,8,3.579,results_problem2/case_010_4cores/best_plan.json,
case_010,5,scored,20917,330976,4.157814218,0,11,7.817,results_problem2/case_010_5cores/best_plan.json,
case_011,1,singlecore_reference,184697,0,1.000000000,,0,0,,
case_011,2,scored,92646,180224,1.993577704,0,6,4.666,results_problem2/case_011_2cores/best_plan.json,
case_011,3,scored,62358,888832,2.961881395,0,10,8.917,results_problem2/case_011_3cores/best_plan.json,
case_011,4,scored,46880,540672,3.939782423,0,7,6.077,results_problem2/case_011_4cores/best_plan.json,
case_011,5,scored,39706,1071104,4.651614366,0,9,9.320,results_problem2/case_011_5cores/best_plan.json,
case_012,1,singlecore_reference,59088,0,1.000000000,,0,0,,
case_012,2,scored,25755,60120,2.294234129,0,9,8.217,results_problem2/case_012_2cores/best_plan.json,
case_012,3,scored,17981,124336,3.286135365,0,11,10.936,results_problem2/case_012_3cores/best_plan.json,
case_012,4,scored,15055,117738,3.924809034,0,11,11.085,results_problem2/case_012_4cores/best_plan.json,
case_012,5,scored,12960,118056,4.559259259,0,11,11.810,results_problem2/case_012_5cores/best_plan.json,
case_013,1,singlecore_reference,263949,0,1.000000000,,0,0,,
case_013,2,scored,132198,8192,1.996618708,0,5,10.942,results_problem2/case_013_2cores/best_plan.json,
case_013,3,scored,88351,16384,2.987504386,0,6,12.379,results_problem2/case_013_3cores/best_plan.json,
case_013,4,scored,66982,24576,3.940595981,0,5,10.874,results_problem2/case_013_4cores/best_plan.json,
case_013,5,scored,54363,32768,4.855305999,0,5,11.057,results_problem2/case_013_5cores/best_plan.json,
case_014,1,singlecore_reference,17698626,0,1.000000000,,0,0,,
case_014,2,scored,8897730,71757240,1.989117000,61864032,4,302.283,results_problem2/case_014_2cores/best_plan.json,
case_014,3,scored,5985661,77714952,2.956837348,59605848,4,302.365,results_problem2/case_014_3cores/best_plan.json,
case_014,4,scored,4518611,82627992,3.916828866,52948368,4,302.505,results_problem2/case_014_4cores/best_plan.json,
case_014,5,scored,3665309,88238376,4.828685931,51812808,4,302.710,results_problem2/case_014_5cores/best_plan.json,
case_015,1,singlecore_reference,177362,0,1.000000000,,0,0,,
case_015,2,scored,85778,858484,2.067686353,90116,8,7.707,results_problem2/case_015_2cores/best_plan.json,
case_015,3,scored,58187,872116,3.048137900,8192,11,10.737,results_problem2/case_015_3cores/best_plan.json,
case_015,4,scored,46050,987108,3.851509229,0,12,12.887,results_problem2/case_015_4cores/best_plan.json,
case_015,5,scored,40816,336384,4.345403763,0,11,10.599,results_problem2/case_015_5cores/best_plan.json,
case_016,1,singlecore_reference,7715523,0,1.000000000,,0,0,,
case_016,2,scored,4661234,400528,1.655253308,0,5,158.854,results_problem2/case_016_2cores/best_plan.json,
case_016,3,scored,3875557,402984,1.990816546,0,8,318.771,results_problem2/case_016_3cores/best_plan.json,
case_016,4,scored,3380175,373848,2.282580931,0,10,301.238,results_problem2/case_016_4cores/best_plan.json,
case_016,5,scored,2087323,214900,3.696372339,0,8,275.414,results_problem2/case_016_5cores/best_plan.json,
case_017,1,singlecore_reference,162810,0,1.000000000,,0,0,,
case_017,2,scored,77061,87552,2.112741854,0,11,11.940,results_problem2/case_017_2cores/best_plan.json,
case_017,3,scored,49107,314432,3.315413281,0,11,13.039,results_problem2/case_017_3cores/best_plan.json,
case_017,4,scored,38524,500624,4.226196657,0,10,12.585,results_problem2/case_017_4cores/best_plan.json,
case_017,5,scored,32877,724872,4.952094169,0,11,17.319,results_problem2/case_017_5cores/best_plan.json,
case_018,1,singlecore_reference,1004367,0,1.000000000,,0,0,,
case_018,2,scored,500068,6304768,2.008460849,2138112,8,28.865,results_problem2/case_018_2cores/best_plan.json,
case_018,3,scored,335187,7473152,2.996437809,671744,8,31.169,results_problem2/case_018_3cores/best_plan.json,
case_018,4,scored,257954,8522240,3.893589555,28032,8,30.551,results_problem2/case_018_4cores/best_plan.json,
case_018,5,scored,208026,4993032,4.828083990,393216,8,24.009,results_problem2/case_018_5cores/best_plan.json,
case_019,1,singlecore_reference,81144,0,1.000000000,,0,0,,
case_019,2,scored,39408,30244,2.059074300,0,4,1.783,results_problem2/case_019_2cores/best_plan.json,
case_019,3,scored,27240,74824,2.978854626,0,11,8.161,results_problem2/case_019_3cores/best_plan.json,
case_019,4,scored,20966,224616,3.870266145,0,11,8.224,results_problem2/case_019_4cores/best_plan.json,
case_019,5,scored,15947,207492,5.088355177,0,10,7.586,results_problem2/case_019_5cores/best_plan.json,
case_020,1,singlecore_reference,532746,0,1.000000000,,0,0,,
case_020,2,scored,266580,0,1.998446995,0,5,24.756,results_problem2/case_020_2cores/best_plan.json,
case_020,3,scored,177950,0,2.993796010,0,6,26.207,results_problem2/case_020_3cores/best_plan.json,
case_020,4,scored,133704,0,3.984518040,0,6,25.336,results_problem2/case_020_4cores/best_plan.json,
case_020,5,scored,107650,0,4.948871342,0,6,25.970,results_problem2/case_020_5cores/best_plan.json,
case_021,1,singlecore_reference,6567937,0,1.000000000,,0,0,,
case_021,2,scored,3193640,4091904,2.056567741,2555904,8,34.696,results_problem2/case_021_2cores/best_plan.json,
case_021,3,scored,2119546,8863744,3.098747090,2088960,8,40.082,results_problem2/case_021_3cores/best_plan.json,
case_021,4,scored,1552593,5591040,4.230301824,0,8,40.224,results_problem2/case_021_4cores/best_plan.json,
case_021,5,scored,1249670,11030528,5.255737115,1609728,12,65.727,results_problem2/case_021_5cores/best_plan.json,
case_022,1,singlecore_reference,56780,0,1.000000000,,0,0,,
case_022,2,scored,28318,37648,2.005085105,0,11,14.424,results_problem2/case_022_2cores/best_plan.json,
case_022,3,scored,18899,23064,3.004391767,0,11,15.102,results_problem2/case_022_3cores/best_plan.json,
case_022,4,scored,14372,49968,3.950737545,0,9,13.949,results_problem2/case_022_4cores/best_plan.json,
case_022,5,scored,11525,20736,4.926681128,0,11,14.834,results_problem2/case_022_5cores/best_plan.json,
case_023,1,singlecore_reference,122614,0,1.000000000,,0,0,,
case_023,2,scored,59738,131360,2.052529378,0,12,11.976,results_problem2/case_023_2cores/best_plan.json,
case_023,3,scored,40728,228948,3.010557847,0,11,12.170,results_problem2/case_023_3cores/best_plan.json,
case_023,4,scored,32086,331480,3.821417441,0,10,11.844,results_problem2/case_023_4cores/best_plan.json,
case_023,5,scored,25352,355680,4.836462607,0,12,13.163,results_problem2/case_023_5cores/best_plan.json,
case_024,1,singlecore_reference,2555343,0,1.000000000,,0,0,,
case_024,2,scored,1546201,396024,1.652659001,0,12,81.519,results_problem2/case_024_2cores/best_plan.json,
case_024,3,scored,1280881,396456,1.994988605,0,9,74.649,results_problem2/case_024_3cores/best_plan.json,
case_024,4,scored,1120991,495932,2.279539265,0,12,84.884,results_problem2/case_024_4cores/best_plan.json,
case_024,5,scored,865249,332512,2.953303615,0,6,50.879,results_problem2/case_024_5cores/best_plan.json,
case_025,1,singlecore_reference,4863026,0,1.000000000,,0,0,,
case_025,2,scored,2431840,27648,1.999731068,0,5,189.329,results_problem2/case_025_2cores/best_plan.json,
case_025,3,scored,1622164,55296,2.997863348,0,6,179.038,results_problem2/case_025_3cores/best_plan.json,
case_025,4,scored,1217444,82944,3.994455597,0,6,161.212,results_problem2/case_025_4cores/best_plan.json,
case_025,5,scored,975282,110592,4.986276790,0,6,149.339,results_problem2/case_025_5cores/best_plan.json,
case_026,1,singlecore_reference,99203,0,1.000000000,,0,0,,
case_026,2,scored,49119,169436,2.019646165,0,11,7.151,results_problem2/case_026_2cores/best_plan.json,
case_026,3,scored,36255,484280,2.736257068,0,11,8.405,results_problem2/case_026_3cores/best_plan.json,
case_026,4,scored,25758,471672,3.851347154,0,11,8.677,results_problem2/case_026_4cores/best_plan.json,
case_026,5,scored,23572,517176,4.208510097,0,11,8.315,results_problem2/case_026_5cores/best_plan.json,
case_027,1,singlecore_reference,2363952,0,1.000000000,,0,0,,
case_027,2,scored,1115722,1105920,2.118764352,0,9,13.214,results_problem2/case_027_2cores/best_plan.json,
case_027,3,scored,747470,8501248,3.162604519,0,10,19.143,results_problem2/case_027_3cores/best_plan.json,
case_027,4,scored,559196,3317760,4.227412213,0,9,13.931,results_problem2/case_027_4cores/best_plan.json,
case_027,5,scored,453694,11204608,5.210454624,0,10,21.060,results_problem2/case_027_5cores/best_plan.json,
case_028,1,singlecore_reference,43836040,0,1.000000000,,0,0,,
case_028,2,scored,21743789,203536512,2.016025818,193162752,8,205.988,results_problem2/case_028_2cores/best_plan.json,
case_028,3,scored,15058530,257422848,2.911043774,243123456,7,169.016,results_problem2/case_028_3cores/best_plan.json,
case_028,4,scored,11276435,173640576,3.887402357,153348096,11,225.615,results_problem2/case_028_4cores/best_plan.json,
case_028,5,scored,9282652,176191488,4.722361670,152573952,11,228.012,results_problem2/case_028_5cores/best_plan.json,
case_029,1,singlecore_reference,37555,0,1.000000000,,0,0,,
case_029,2,scored,19740,0,1.902482270,0,5,4.890,results_problem2/case_029_2cores/best_plan.json,
case_029,3,scored,12743,0,2.947108216,0,5,5.185,results_problem2/case_029_3cores/best_plan.json,
case_029,4,scored,10206,92280,3.679698217,0,8,7.964,results_problem2/case_029_4cores/best_plan.json,
case_029,5,scored,9383,0,4.002451242,0,8,6.344,results_problem2/case_029_5cores/best_plan.json,
case_030,1,singlecore_reference,2808034,0,1.000000000,,0,0,,
case_030,2,scored,1399149,6877184,2.006958515,4926464,10,109.848,results_problem2/case_030_2cores/best_plan.json,
case_030,3,scored,933256,8949248,3.008857162,5047808,8,83.225,results_problem2/case_030_3cores/best_plan.json,
case_030,4,scored,698838,7811072,4.018147267,3047424,8,79.065,results_problem2/case_030_4cores/best_plan.json,
case_030,5,scored,560819,10660864,5.007023656,3736576,8,85.516,results_problem2/case_030_5cores/best_plan.json,
case_031,1,singlecore_reference,1414369,0,1.000000000,,0,0,,
case_031,2,scored,704903,6042982,2.006473231,9728,10,65.831,results_problem2/case_031_2cores/best_plan.json,
case_031,3,scored,469081,9956524,3.015191406,0,11,77.397,results_problem2/case_031_3cores/best_plan.json,
case_031,4,scored,351513,13432720,4.023660576,0,11,85.635,results_problem2/case_031_4cores/best_plan.json,
case_031,5,scored,289662,7924224,4.882825500,1649664,11,74.894,results_problem2/case_031_5cores/best_plan.json,
case_032,1,singlecore_reference,41443,0,1.000000000,,0,0,,
case_032,2,scored,17551,71832,2.361289955,0,10,8.362,results_problem2/case_032_2cores/best_plan.json,
case_032,3,scored,11925,12364,3.475303983,0,12,9.234,results_problem2/case_032_3cores/best_plan.json,
case_032,4,scored,10039,20564,4.128200020,0,11,10.070,results_problem2/case_032_4cores/best_plan.json,
case_032,5,scored,8951,143652,4.629985476,0,11,9.548,results_problem2/case_032_5cores/best_plan.json,
case_033,1,singlecore_reference,1774196,0,1.000000000,,0,0,,
case_033,2,scored,890917,6650400,1.991426811,4572672,7,24.177,results_problem2/case_033_2cores/best_plan.json,
case_033,3,scored,592259,13754720,2.995642109,2484224,8,38.870,results_problem2/case_033_3cores/best_plan.json,
case_033,4,scored,443224,13313664,4.002933054,12288,7,35.812,results_problem2/case_033_4cores/best_plan.json,
case_033,5,scored,359850,7258756,4.930376546,307200,12,42.693,results_problem2/case_033_5cores/best_plan.json,
case_034,1,singlecore_reference,842996,0,1.000000000,,0,0,,
case_034,2,scored,417854,1651200,2.017441499,609280,7,21.700,results_problem2/case_034_2cores/best_plan.json,
case_034,3,scored,278372,5531744,3.028307445,0,7,30.782,results_problem2/case_034_3cores/best_plan.json,
case_034,4,scored,208690,6320776,4.039465236,0,7,32.143,results_problem2/case_034_4cores/best_plan.json,
case_034,5,scored,173623,3350528,4.855324467,49152,8,27.145,results_problem2/case_034_5cores/best_plan.json,
case_035,1,singlecore_reference,169571,0,1.000000000,,0,0,,
case_035,2,scored,92356,319022,1.836058296,0,11,31.654,results_problem2/case_035_2cores/best_plan.json,
case_035,3,scored,62974,475492,2.692714454,0,11,34.601,results_problem2/case_035_3cores/best_plan.json,
case_035,4,scored,48379,663552,3.505053846,0,11,35.753,results_problem2/case_035_4cores/best_plan.json,
case_035,5,scored,40788,710220,4.157374718,0,11,38.512,results_problem2/case_035_5cores/best_plan.json,
case_036,1,singlecore_reference,931510,0,1.000000000,,0,0,,
case_036,2,scored,466068,1152,1.998656848,0,5,13.071,results_problem2/case_036_2cores/best_plan.json,
case_036,3,scored,311345,2304,2.991890026,0,6,14.101,results_problem2/case_036_3cores/best_plan.json,
case_036,4,scored,233584,3456,3.987901569,0,6,14.214,results_problem2/case_036_4cores/best_plan.json,
case_036,5,scored,187182,4608,4.976493466,0,6,15.097,results_problem2/case_036_5cores/best_plan.json,
case_037,1,singlecore_reference,210001,0,1.000000000,,0,0,,
case_037,2,scored,105374,204800,1.992910965,0,7,5.755,results_problem2/case_037_2cores/best_plan.json,
case_037,3,scored,70894,1077248,2.962182977,0,7,8.205,results_problem2/case_037_3cores/best_plan.json,
case_037,4,scored,53320,614400,3.938503376,0,6,6.358,results_problem2/case_037_4cores/best_plan.json,
case_037,5,scored,43397,1445888,4.839067217,0,7,8.693,results_problem2/case_037_5cores/best_plan.json,
case_038,1,singlecore_reference,1364555,0,1.000000000,,0,0,,
case_038,2,scored,671734,4807680,2.031391890,419328,8,52.013,results_problem2/case_038_2cores/best_plan.json,
case_038,3,scored,446710,7970816,3.054677531,0,8,57.905,results_problem2/case_038_3cores/best_plan.json,
case_038,4,scored,338262,9618944,4.034018010,0,7,56.167,results_problem2/case_038_4cores/best_plan.json,
case_038,5,scored,272108,11258368,5.014755171,0,7,59.057,results_problem2/case_038_5cores/best_plan.json,
case_039,1,singlecore_reference,1435262,0,1.000000000,,0,0,,
case_039,2,scored,690944,4431872,2.077247939,229376,8,41.070,results_problem2/case_039_2cores/best_plan.json,
case_039,3,scored,461085,12410880,3.112792652,0,8,45.597,results_problem2/case_039_3cores/best_plan.json,
case_039,4,scored,348947,9986048,4.113123196,0,7,43.474,results_problem2/case_039_4cores/best_plan.json,
case_039,5,scored,301586,11583488,4.759047171,0,7,45.369,results_problem2/case_039_5cores/best_plan.json,
case_040,1,singlecore_reference,253454,0,1.000000000,,0,0,,
case_040,2,scored,133225,452754,1.902450741,0,11,23.975,results_problem2/case_040_2cores/best_plan.json,
case_040,3,scored,90940,1265744,2.787046404,0,11,26.643,results_problem2/case_040_3cores/best_plan.json,
case_040,4,scored,70348,1405678,3.602860067,0,11,25.935,results_problem2/case_040_4cores/best_plan.json,
case_040,5,scored,59032,1897242,4.293501830,0,11,26.402,results_problem2/case_040_5cores/best_plan.json,
case_041,1,singlecore_reference,6003957,0,1.000000000,,0,0,,
case_041,2,scored,2965873,49489160,2.024347300,10626048,10,301.256,results_problem2/case_041_2cores/best_plan.json,
case_041,3,scored,2001138,56698112,3.000271346,15669248,8,293.983,results_problem2/case_041_3cores/best_plan.json,
case_041,4,scored,1507779,46354704,3.981987413,3068928,7,239.079,results_problem2/case_041_4cores/best_plan.json,
case_041,5,scored,1202006,38206464,4.994947613,20075520,8,197.448,results_problem2/case_041_5cores/best_plan.json,
case_042,1,singlecore_reference,1686740,0,1.000000000,,0,0,,
case_042,2,scored,854342,11024024,1.974314736,3673376,11,54.497,results_problem2/case_042_2cores/best_plan.json,
case_042,3,scored,574145,8848680,2.937829294,4635648,8,37.190,results_problem2/case_042_3cores/best_plan.json,
case_042,4,scored,436952,8569704,3.860240942,3477504,8,33.988,results_problem2/case_042_4cores/best_plan.json,
case_042,5,scored,344175,9994092,4.900820803,1808384,8,38.577,results_problem2/case_042_5cores/best_plan.json,
case_043,1,singlecore_reference,677656,0,1.000000000,,0,0,,
case_043,2,scored,343130,1892732,1.974924956,0,11,75.965,results_problem2/case_043_2cores/best_plan.json,
case_043,3,scored,231367,3228256,2.928922448,0,11,82.918,results_problem2/case_043_3cores/best_plan.json,
case_043,4,scored,177349,4040330,3.821030849,0,11,94.672,results_problem2/case_043_4cores/best_plan.json,
case_043,5,scored,146418,4818418,4.628228770,0,11,102.498,results_problem2/case_043_5cores/best_plan.json,
case_044,1,singlecore_reference,154407,0,1.000000000,,0,0,,
case_044,2,scored,61917,1017696,2.493773923,0,8,11.017,results_problem2/case_044_2cores/best_plan.json,
case_044,3,scored,89074,3738560,1.733468801,1787648,10,15.184,results_problem2/case_044_3cores/best_plan.json,
case_044,4,scored,96528,4429344,1.599608404,1556992,11,15.745,results_problem2/case_044_4cores/best_plan.json,
case_044,5,scored,105024,4948224,1.470206810,1348608,10,13.109,results_problem2/case_044_5cores/best_plan.json,
case_045,1,singlecore_reference,125614,0,1.000000000,,0,0,,
case_045,2,scored,63059,0,1.992007485,0,5,4.988,results_problem2/case_045_2cores/best_plan.json,
case_045,3,scored,42601,0,2.948616230,0,6,5.973,results_problem2/case_045_3cores/best_plan.json,
case_045,4,scored,31878,0,3.940460506,0,6,6.135,results_problem2/case_045_4cores/best_plan.json,
case_045,5,scored,26164,0,4.801024308,0,6,6.951,results_problem2/case_045_5cores/best_plan.json,
case_046,1,singlecore_reference,276455,0,1.000000000,,0,0,,
case_046,2,scored,120196,963168,2.300034943,32768,5,5.178,results_problem2/case_046_2cores/best_plan.json,
case_046,3,scored,90323,2133184,3.060737575,0,11,10.706,results_problem2/case_046_3cores/best_plan.json,
case_046,4,scored,81580,2791200,3.388759500,0,6,6.278,results_problem2/case_046_4cores/best_plan.json,
case_046,5,scored,103363,4143488,2.674603098,0,10,10.794,results_problem2/case_046_5cores/best_plan.json,
case_047,1,singlecore_reference,326508,0,1.000000000,,0,0,,
case_047,2,scored,172114,716358,1.897044982,0,11,174.493,results_problem2/case_047_2cores/best_plan.json,
case_047,3,scored,123355,1046218,2.646897167,0,11,164.884,results_problem2/case_047_3cores/best_plan.json,
case_047,4,scored,108699,1591442,3.003781084,0,8,127.867,results_problem2/case_047_4cores/best_plan.json,
case_047,5,scored,95509,1914264,3.418609765,0,8,125.953,results_problem2/case_047_5cores/best_plan.json,
case_048,1,singlecore_reference,222220,0,1.000000000,,0,0,,
case_048,2,scored,128563,501446,1.728491090,0,9,13.396,results_problem2/case_048_2cores/best_plan.json,
case_048,3,scored,97850,488236,2.271027082,0,12,16.598,results_problem2/case_048_3cores/best_plan.json,
case_048,4,scored,97924,495154,2.269310894,0,10,15.698,results_problem2/case_048_4cores/best_plan.json,
case_048,5,scored,98797,501904,2.249258581,0,9,14.776,results_problem2/case_048_5cores/best_plan.json,
case_049,1,singlecore_reference,196276,0,1.000000000,,0,0,,
case_049,2,scored,100791,204974,1.947356411,0,11,31.026,results_problem2/case_049_2cores/best_plan.json,
case_049,3,scored,69306,399188,2.832020316,0,11,33.506,results_problem2/case_049_3cores/best_plan.json,
case_049,4,scored,52598,563394,3.731624777,0,11,34.987,results_problem2/case_049_4cores/best_plan.json,
case_049,5,scored,45618,745118,4.302599851,0,11,37.141,results_problem2/case_049_5cores/best_plan.json,
case_050,1,singlecore_reference,149690,0,1.000000000,,0,0,,
case_050,2,scored,76607,316766,1.953998982,0,11,35.712,results_problem2/case_050_2cores/best_plan.json,
case_050,3,scored,51756,447188,2.892225056,0,11,37.649,results_problem2/case_050_3cores/best_plan.json,
case_050,4,scored,40865,732042,3.663036829,0,11,38.761,results_problem2/case_050_4cores/best_plan.json,
case_050,5,scored,33127,704646,4.518670571,0,11,40.683,results_problem2/case_050_5cores/best_plan.json,
case_051,1,singlecore_reference,607628,0,1.000000000,,0,0,,
case_051,2,scored,366212,393864,1.659224711,0,12,13.401,results_problem2/case_051_2cores/best_plan.json,
case_051,3,scored,301518,393992,2.015229605,0,10,13.926,results_problem2/case_051_3cores/best_plan.json,
case_051,4,scored,263094,525320,2.309547158,0,12,16.886,results_problem2/case_051_4cores/best_plan.json,
case_051,5,scored,208670,328816,2.911908755,0,6,9.822,results_problem2/case_051_5cores/best_plan.json,
case_052,1,singlecore_reference,180301,0,1.000000000,,0,0,,
case_052,2,scored,85344,430632,2.112638264,0,10,9.170,results_problem2/case_052_2cores/best_plan.json,
case_052,3,scored,59088,577600,3.051397915,0,10,10.009,results_problem2/case_052_3cores/best_plan.json,
case_052,4,scored,44532,732232,4.048796371,0,11,10.734,results_problem2/case_052_4cores/best_plan.json,
case_052,5,scored,37440,328704,4.815731838,0,11,9.032,results_problem2/case_052_5cores/best_plan.json,
case_053,1,singlecore_reference,1472686,0,1.000000000,,0,0,,
case_053,2,scored,706748,3301878,2.083749795,0,10,89.338,results_problem2/case_053_2cores/best_plan.json,
case_053,3,scored,482016,5284428,3.055263726,49152,12,113.749,results_problem2/case_053_3cores/best_plan.json,
case_053,4,scored,371227,7937666,3.967076748,0,11,111.705,results_problem2/case_053_4cores/best_plan.json,
case_053,5,scored,325225,9621590,4.528206626,0,11,110.670,results_problem2/case_053_5cores/best_plan.json,
case_054,1,singlecore_reference,815051,0,1.000000000,,0,0,,
case_054,2,scored,417052,1585830,1.954315049,0,11,209.119,results_problem2/case_054_2cores/best_plan.json,
case_054,3,scored,279699,3301068,2.914029010,0,10,183.867,results_problem2/case_054_3cores/best_plan.json,
case_054,4,scored,216946,3843858,3.756930296,0,11,195.314,results_problem2/case_054_4cores/best_plan.json,
case_054,5,scored,174696,4629558,4.665538993,0,11,195.895,results_problem2/case_054_5cores/best_plan.json,
case_055,1,singlecore_reference,118835,0,1.000000000,,0,0,,
case_055,2,scored,53080,203272,2.238790505,0,11,10.077,results_problem2/case_055_2cores/best_plan.json,
case_055,3,scored,35752,377944,3.323869993,0,11,11.525,results_problem2/case_055_3cores/best_plan.json,
case_055,4,scored,29108,645836,4.082554624,0,11,11.677,results_problem2/case_055_4cores/best_plan.json,
case_055,5,scored,25709,215040,4.622311253,0,12,11.791,results_problem2/case_055_5cores/best_plan.json,
case_056,1,singlecore_reference,277285,0,1.000000000,,0,0,,
case_056,2,scored,142509,424494,1.945736760,0,8,53.560,results_problem2/case_056_2cores/best_plan.json,
case_056,3,scored,94769,587880,2.925904040,0,11,73.290,results_problem2/case_056_3cores/best_plan.json,
case_056,4,scored,75353,1277590,3.679813677,0,11,74.717,results_problem2/case_056_4cores/best_plan.json,
case_056,5,scored,62046,1148046,4.469022983,0,11,72.699,results_problem2/case_056_5cores/best_plan.json,
case_057,1,singlecore_reference,59726,0,1.000000000,,0,0,,
case_057,2,scored,31206,14112,1.913926809,0,12,7.402,results_problem2/case_057_2cores/best_plan.json,
case_057,3,scored,21429,251588,2.787157590,0,11,8.045,results_problem2/case_057_3cores/best_plan.json,
case_057,4,scored,16406,241120,3.640497379,0,11,8.455,results_problem2/case_057_4cores/best_plan.json,
case_057,5,scored,14028,14400,4.257627602,0,11,7.271,results_problem2/case_057_5cores/best_plan.json,
case_058,1,singlecore_reference,4539717,0,1.000000000,,0,0,,
case_058,2,scored,2196096,19181568,2.067176025,4202496,8,210.495,results_problem2/case_058_2cores/best_plan.json,
case_058,3,scored,1461951,16662528,3.105245661,7471104,8,170.180,results_problem2/case_058_3cores/best_plan.json,
case_058,4,scored,1095793,31772672,4.142860011,417792,8,206.487,results_problem2/case_058_4cores/best_plan.json,
case_058,5,scored,876974,20807680,5.176569659,770048,7,163.216,results_problem2/case_058_5cores/best_plan.json,
case_059,1,singlecore_reference,829473,0,1.000000000,,0,0,,
case_059,2,scored,369318,360448,2.245958767,0,6,11.401,results_problem2/case_059_2cores/best_plan.json,
case_059,3,scored,246806,2531328,3.360829964,0,8,20.560,results_problem2/case_059_3cores/best_plan.json,
case_059,4,scored,185216,1081344,4.478408993,0,7,12.769,results_problem2/case_059_4cores/best_plan.json,
case_059,5,scored,149026,5160960,5.565961644,0,8,24.202,results_problem2/case_059_5cores/best_plan.json,
case_060,1,singlecore_reference,888789,0,1.000000000,,0,0,,
case_060,2,scored,430219,2281952,2.065898996,294960,11,45.108,results_problem2/case_060_2cores/best_plan.json,
case_060,3,scored,289089,3793744,3.074447661,122904,11,56.247,results_problem2/case_060_3cores/best_plan.json,
case_060,4,scored,217626,4131824,4.084020292,32768,11,56.662,results_problem2/case_060_4cores/best_plan.json,
case_060,5,scored,178318,5717140,4.984292107,24580,11,61.977,results_problem2/case_060_5cores/best_plan.json,
case_061,1,singlecore_reference,77191,0,1.000000000,,0,0,,
case_061,2,scored,37922,74752,2.035520278,0,10,9.248,results_problem2/case_061_2cores/best_plan.json,
case_061,3,scored,25831,169984,2.988308621,0,11,10.551,results_problem2/case_061_3cores/best_plan.json,
case_061,4,scored,20877,163328,3.697418211,0,11,10.767,results_problem2/case_061_4cores/best_plan.json,
case_061,5,scored,17680,237056,4.366006787,0,11,11.928,results_problem2/case_061_5cores/best_plan.json,
case_062,1,singlecore_reference,2854809,0,1.000000000,,0,0,,
case_062,2,scored,1433656,104448,1.991278940,0,8,216.380,results_problem2/case_062_2cores/best_plan.json,
case_062,3,scored,955835,4521984,2.986717373,0,8,188.132,results_problem2/case_062_3cores/best_plan.json,
case_062,4,scored,716538,5062656,3.984169716,0,8,192.428,results_problem2/case_062_4cores/best_plan.json,
case_062,5,scored,575377,4580352,4.961632113,0,7,181.554,results_problem2/case_062_5cores/best_plan.json,
case_063,1,singlecore_reference,1070397,0,1.000000000,,0,0,,
case_063,2,scored,536776,1167360,1.994122315,0,8,52.583,results_problem2/case_063_2cores/best_plan.json,
case_063,3,scored,358955,1711104,2.981981028,0,8,53.952,results_problem2/case_063_3cores/best_plan.json,
case_063,4,scored,270126,1628160,3.962584127,0,7,57.693,results_problem2/case_063_4cores/best_plan.json,
case_063,5,scored,217873,1665024,4.912940107,0,7,58.408,results_problem2/case_063_5cores/best_plan.json,
case_064,1,singlecore_reference,19116,0,1.000000000,,0,0,,
case_064,2,scored,11243,40806,1.700257938,0,10,7.434,results_problem2/case_064_2cores/best_plan.json,
case_064,3,scored,9675,78572,1.975813953,0,11,8.928,results_problem2/case_064_3cores/best_plan.json,
case_064,4,scored,7134,95826,2.679562658,0,9,8.292,results_problem2/case_064_4cores/best_plan.json,
case_064,5,scored,7146,95922,2.675062972,0,10,9.806,results_problem2/case_064_5cores/best_plan.json,
case_065,1,singlecore_reference,53068,0,1.000000000,,0,0,,
case_065,2,scored,22364,69288,2.372920766,0,11,8.821,results_problem2/case_065_2cores/best_plan.json,
case_065,3,scored,16678,115016,3.181916297,0,10,8.862,results_problem2/case_065_3cores/best_plan.json,
case_065,4,scored,13797,174040,3.846343408,0,10,8.509,results_problem2/case_065_4cores/best_plan.json,
case_065,5,scored,11459,55872,4.631119644,0,10,6.823,results_problem2/case_065_5cores/best_plan.json,
case_066,1,singlecore_reference,359070,0,1.000000000,,0,0,,
case_066,2,scored,179648,1349172,1.998741984,0,11,52.705,results_problem2/case_066_2cores/best_plan.json,
case_066,3,scored,124967,2007220,2.873318556,0,11,57.266,results_problem2/case_066_3cores/best_plan.json,
case_066,4,scored,98947,2404816,3.628912448,0,12,65.489,results_problem2/case_066_4cores/best_plan.json,
case_066,5,scored,85939,2643850,4.178196162,0,11,61.681,results_problem2/case_066_5cores/best_plan.json,
case_067,1,singlecore_reference,63834834,0,1.000000000,,0,0,,
case_067,2,scored,31892838,249803136,2.001541349,238374912,9,87.464,results_problem2/case_067_2cores/best_plan.json,
case_067,3,scored,21878474,198630144,2.917700476,182128640,11,110.755,results_problem2/case_067_3cores/best_plan.json,
case_067,4,scored,15976098,208759936,3.995646121,178958336,11,118.017,results_problem2/case_067_4cores/best_plan.json,
case_067,5,scored,13321145,209565184,4.791993031,177870848,11,122.306,results_problem2/case_067_5cores/best_plan.json,
case_068,1,singlecore_reference,362095,0,1.000000000,,0,0,,
case_068,2,scored,185515,1653422,1.951836779,0,11,52.171,results_problem2/case_068_2cores/best_plan.json,
case_068,3,scored,130368,2305940,2.777483738,0,11,53.105,results_problem2/case_068_3cores/best_plan.json,
case_068,4,scored,101868,2762406,3.554550988,0,11,56.055,results_problem2/case_068_4cores/best_plan.json,
case_068,5,scored,95451,2564776,3.793517093,0,11,60.934,results_problem2/case_068_5cores/best_plan.json,
case_069,1,singlecore_reference,25144,0,1.000000000,,0,0,,
case_069,2,scored,13247,161990,1.898090134,0,10,8.631,results_problem2/case_069_2cores/best_plan.json,
case_069,3,scored,10424,292394,2.412125863,0,10,9.748,results_problem2/case_069_3cores/best_plan.json,
case_069,4,scored,10017,403598,2.510132774,0,11,11.146,results_problem2/case_069_4cores/best_plan.json,
case_069,5,scored,9272,360498,2.711820535,0,12,12.493,results_problem2/case_069_5cores/best_plan.json,
case_070,1,singlecore_reference,117300,0,1.000000000,,0,0,,
case_070,2,scored,55685,180752,2.106491874,0,10,10.804,results_problem2/case_070_2cores/best_plan.json,
case_070,3,scored,34902,418836,3.360838920,0,11,13.951,results_problem2/case_070_3cores/best_plan.json,
case_070,4,scored,28654,563472,4.093669296,0,11,14.531,results_problem2/case_070_4cores/best_plan.json,
case_070,5,scored,24822,743956,4.725646604,0,11,13.751,results_problem2/case_070_5cores/best_plan.json,
case_071,1,singlecore_reference,18919,0,1.000000000,,0,0,,
case_071,2,scored,10396,119846,1.819834552,0,9,6.237,results_problem2/case_071_2cores/best_plan.json,
case_071,3,scored,8246,243978,2.294324521,0,8,7.439,results_problem2/case_071_3cores/best_plan.json,
case_071,4,scored,7923,263694,2.387858135,0,8,7.936,results_problem2/case_071_4cores/best_plan.json,
case_071,5,scored,7715,297042,2.452235904,0,9,9.153,results_problem2/case_071_5cores/best_plan.json,
case_072,1,singlecore_reference,23897828,0,1.000000000,,0,0,,
case_072,2,scored,11985940,148672560,1.993821761,121065520,4,312.217,results_problem2/case_072_2cores/best_plan.json,
case_072,3,scored,8152149,219517292,2.931475860,91383824,4,308.976,results_problem2/case_072_3cores/best_plan.json,
case_072,4,scored,6254063,150450224,3.821168415,94523440,4,300.613,results_problem2/case_072_4cores/best_plan.json,
case_072,5,scored,4796401,130777776,4.982449966,91545600,5,301.687,results_problem2/case_072_5cores/best_plan.json,
case_073,1,singlecore_reference,10081626,0,1.000000000,,0,0,,
case_073,2,scored,5285049,100529024,1.907574745,95782912,9,37.014,results_problem2/case_073_2cores/best_plan.json,
case_073,3,scored,4121301,132847872,2.446224141,124031488,7,27.455,results_problem2/case_073_3cores/best_plan.json,
case_073,4,scored,3372559,97942144,2.989310491,85125120,11,43.183,results_problem2/case_073_4cores/best_plan.json,
case_073,5,scored,2994495,101126144,3.366719931,84527104,11,46.185,results_problem2/case_073_5cores/best_plan.json,
case_074,1,singlecore_reference,1682239,0,1.000000000,,0,0,,
case_074,2,scored,832145,7200768,2.021569558,4915200,7,23.236,results_problem2/case_074_2cores/best_plan.json,
case_074,3,scored,554189,7868428,3.035496915,3207168,8,28.018,results_problem2/case_074_3cores/best_plan.json,
case_074,4,scored,422052,7303220,3.985857193,81920,11,46.437,results_problem2/case_074_4cores/best_plan.json,
case_074,5,scored,345058,7983104,4.875235468,1183744,11,42.379,results_problem2/case_074_5cores/best_plan.json,
case_075,1,singlecore_reference,1441809,0,1.000000000,,0,0,,
case_075,2,scored,724408,2777222,1.990327274,0,11,84.995,results_problem2/case_075_2cores/best_plan.json,
case_075,3,scored,482691,4925452,2.987022754,0,11,84.422,results_problem2/case_075_3cores/best_plan.json,
case_075,4,scored,389698,4852784,3.699811136,0,7,61.941,results_problem2/case_075_4cores/best_plan.json,
case_075,5,scored,322990,5507508,4.463943156,0,11,98.171,results_problem2/case_075_5cores/best_plan.json,
case_076,1,singlecore_reference,6185113,0,1.000000000,,0,0,,
case_076,2,scored,3083890,15496196,2.005620499,11354112,6,301.346,results_problem2/case_076_2cores/best_plan.json,
case_076,3,scored,2050955,20953480,3.015723407,344064,7,312.277,results_problem2/case_076_3cores/best_plan.json,
case_076,4,scored,1536520,25074700,4.025403509,1896448,7,313.698,results_problem2/case_076_4cores/best_plan.json,
case_076,5,scored,1227382,27101580,5.039273022,364544,7,316.144,results_problem2/case_076_5cores/best_plan.json,
case_077,1,singlecore_reference,495320,0,1.000000000,,0,0,,
case_077,2,scored,250535,1516588,1.977049115,0,11,37.938,results_problem2/case_077_2cores/best_plan.json,
case_077,3,scored,172020,2407302,2.879432624,0,11,39.362,results_problem2/case_077_3cores/best_plan.json,
case_077,4,scored,129782,2672898,3.816553913,0,11,39.384,results_problem2/case_077_4cores/best_plan.json,
case_077,5,scored,107828,2854170,4.593612049,0,11,40.648,results_problem2/case_077_5cores/best_plan.json,
case_078,1,singlecore_reference,2296143,0,1.000000000,,0,0,,
case_078,2,scored,1067370,3610752,2.151215605,1462272,8,6.462,results_problem2/case_078_2cores/best_plan.json,
case_078,3,scored,702362,6705408,3.269173161,0,11,12.374,results_problem2/case_078_3cores/best_plan.json,
case_078,4,scored,564504,6445440,4.067540708,0,6,5.968,results_problem2/case_078_4cores/best_plan.json,
case_078,5,scored,467821,11899392,4.908165730,0,10,12.640,results_problem2/case_078_5cores/best_plan.json,
case_079,1,singlecore_reference,31052251,0,1.000000000,,0,0,,
case_079,2,scored,15121479,93573120,2.053519434,33218560,7,301.193,results_problem2/case_079_2cores/best_plan.json,
case_079,3,scored,10353747,211304448,2.999131715,94887936,7,301.039,results_problem2/case_079_3cores/best_plan.json,
case_079,4,scored,7635624,30445568,4.066760097,19496960,8,292.039,results_problem2/case_079_4cores/best_plan.json,
case_079,5,scored,6074527,47542272,5.111879657,24293376,8,301.072,results_problem2/case_079_5cores/best_plan.json,
case_080,1,singlecore_reference,292138,0,1.000000000,,0,0,,
case_080,2,scored,145224,1331200,2.011637195,0,7,7.114,results_problem2/case_080_2cores/best_plan.json,
case_080,3,scored,97525,1376256,2.995519098,0,7,7.794,results_problem2/case_080_3cores/best_plan.json,
case_080,4,scored,90804,3362816,3.217237126,0,7,9.364,results_problem2/case_080_4cores/best_plan.json,
case_080,5,scored,91352,3178496,3.197937648,0,7,9.920,results_problem2/case_080_5cores/best_plan.json,
case_081,1,singlecore_reference,151795,0,1.000000000,,0,0,,
case_081,2,scored,76860,0,1.974954463,0,5,12.975,results_problem2/case_081_2cores/best_plan.json,
case_081,3,scored,51943,0,2.922337947,0,6,14.047,results_problem2/case_081_3cores/best_plan.json,
case_081,4,scored,39588,0,3.834369001,0,6,13.994,results_problem2/case_081_4cores/best_plan.json,
case_081,5,scored,30943,0,4.905632938,0,6,13.753,results_problem2/case_081_5cores/best_plan.json,
case_082,1,singlecore_reference,721041,0,1.000000000,,0,0,,
case_082,2,scored,352197,847878,2.047266161,0,8,24.078,results_problem2/case_082_2cores/best_plan.json,
case_082,3,scored,229004,2185708,3.148595658,0,11,33.593,results_problem2/case_082_3cores/best_plan.json,
case_082,4,scored,180108,3129874,4.003381305,0,11,35.940,results_problem2/case_082_4cores/best_plan.json,
case_082,5,scored,153699,3234934,4.691253684,0,11,40.138,results_problem2/case_082_5cores/best_plan.json,
case_083,1,singlecore_reference,1057993,0,1.000000000,,0,0,,
case_083,2,scored,497211,6591072,2.127855176,5597184,6,19.137,results_problem2/case_083_2cores/best_plan.json,
case_083,3,scored,309025,2678976,3.423648572,532480,7,22.853,results_problem2/case_083_3cores/best_plan.json,
case_083,4,scored,242593,3986208,4.361185195,0,11,33.056,results_problem2/case_083_4cores/best_plan.json,
case_083,5,scored,202838,5268864,5.215950660,49152,11,32.578,results_problem2/case_083_5cores/best_plan.json,
case_084,1,singlecore_reference,2507412,0,1.000000000,,0,0,,
case_084,2,scored,1255052,0,1.997855069,0,6,77.066,results_problem2/case_084_2cores/best_plan.json,
case_084,3,scored,836220,0,2.998507570,0,6,67.760,results_problem2/case_084_3cores/best_plan.json,
case_084,4,scored,629028,0,3.986169137,0,6,62.644,results_problem2/case_084_4cores/best_plan.json,
case_084,5,scored,503472,0,4.980241205,0,6,60.732,results_problem2/case_084_5cores/best_plan.json,
case_085,1,singlecore_reference,3187899,0,1.000000000,,0,0,,
case_085,2,scored,1577630,2521478,2.020688628,0,11,296.934,results_problem2/case_085_2cores/best_plan.json,
case_085,3,scored,1066107,6678380,2.990224246,0,11,283.300,results_problem2/case_085_3cores/best_plan.json,
case_085,4,scored,829851,8756146,3.841531793,0,10,256.640,results_problem2/case_085_4cores/best_plan.json,
case_085,5,scored,639555,11658808,4.984558013,0,11,269.775,results_problem2/case_085_5cores/best_plan.json,
case_086,1,singlecore_reference,118403,0,1.000000000,,0,0,,
case_086,2,scored,61662,584422,1.920193961,0,12,44.229,results_problem2/case_086_2cores/best_plan.json,
case_086,3,scored,44844,1034986,2.640330925,0,11,42.262,results_problem2/case_086_3cores/best_plan.json,
case_086,4,scored,37756,1373042,3.136004873,0,11,44.251,results_problem2/case_086_4cores/best_plan.json,
case_086,5,scored,37019,1625846,3.198438640,0,11,46.082,results_problem2/case_086_5cores/best_plan.json,
case_087,1,singlecore_reference,3974071,0,1.000000000,,0,0,,
case_087,2,scored,2038494,25416412,1.949513219,9464832,8,301.197,results_problem2/case_087_2cores/best_plan.json,
case_087,3,scored,1362031,14417640,2.917753708,3471120,9,301.260,results_problem2/case_087_3cores/best_plan.json,
case_087,4,scored,1039050,18544964,3.824715846,3655824,9,301.207,results_problem2/case_087_4cores/best_plan.json,
case_087,5,scored,824974,20694304,4.817207573,2486928,9,301.218,results_problem2/case_087_5cores/best_plan.json,
case_088,1,singlecore_reference,243623,0,1.000000000,,0,0,,
case_088,2,scored,122130,1087690,1.994784246,0,11,24.432,results_problem2/case_088_2cores/best_plan.json,
case_088,3,scored,86890,1607178,2.803809414,0,11,26.841,results_problem2/case_088_3cores/best_plan.json,
case_088,4,scored,71858,1900434,3.390339280,0,10,26.744,results_problem2/case_088_4cores/best_plan.json,
case_088,5,scored,67565,1750102,3.605757419,0,11,28.438,results_problem2/case_088_5cores/best_plan.json,
case_089,1,singlecore_reference,693092,0,1.000000000,,0,0,,
case_089,2,scored,346432,238720,2.000658138,0,5,18.030,results_problem2/case_089_2cores/best_plan.json,
case_089,3,scored,232474,960768,2.981374261,0,9,31.715,results_problem2/case_089_3cores/best_plan.json,
case_089,4,scored,173512,716160,3.994490295,0,5,19.259,results_problem2/case_089_4cores/best_plan.json,
case_089,5,scored,138740,954880,4.995617702,0,6,22.046,results_problem2/case_089_5cores/best_plan.json,
case_090,1,singlecore_reference,1178363,0,1.000000000,,0,0,,
case_090,2,scored,572687,10507392,2.057603892,8100864,9,11.470,results_problem2/case_090_2cores/best_plan.json,
case_090,3,scored,449438,12490752,2.621858855,7870464,11,15.336,results_problem2/case_090_3cores/best_plan.json,
case_090,4,scored,386202,12990336,3.051157166,6226944,7,11.896,results_problem2/case_090_4cores/best_plan.json,
case_090,5,scored,324975,12256896,3.626011232,3077376,10,15.380,results_problem2/case_090_5cores/best_plan.json,
case_091,1,singlecore_reference,9186769,0,1.000000000,,0,0,,
case_091,2,scored,4541048,45687788,2.023050406,23264736,6,301.717,results_problem2/case_091_2cores/best_plan.json,
case_091,3,scored,3033969,55675944,3.027970622,8110080,6,301.388,results_problem2/case_091_3cores/best_plan.json,
case_091,4,scored,2281443,55834308,4.026736149,7185568,7,301.638,results_problem2/case_091_4cores/best_plan.json,
case_091,5,scored,1885181,73487320,4.873149581,47296000,7,301.844,results_problem2/case_091_5cores/best_plan.json,
case_092,1,singlecore_reference,4815554,0,1.000000000,,0,0,,
case_092,2,scored,2518353,66503712,1.912183876,65541568,11,238.950,results_problem2/case_092_2cores/best_plan.json,
case_092,3,scored,1363431,6368448,3.531938177,0,10,196.379,results_problem2/case_092_3cores/best_plan.json,
case_092,4,scored,1443106,49115680,3.336937134,41816832,7,156.876,results_problem2/case_092_4cores/best_plan.json,
case_092,5,scored,1204969,30787968,3.996413186,22413312,9,173.543,results_problem2/case_092_5cores/best_plan.json,
case_093,1,singlecore_reference,74205,0,1.000000000,,0,0,,
case_093,2,scored,37827,8192,1.961694028,0,4,2.396,results_problem2/case_093_2cores/best_plan.json,
case_093,3,scored,25103,16384,2.956021193,0,4,2.398,results_problem2/case_093_3cores/best_plan.json,
case_093,4,scored,19779,24576,3.751706355,0,5,3.123,results_problem2/case_093_4cores/best_plan.json,
case_093,5,scored,15876,32768,4.674036281,0,4,2.672,results_problem2/case_093_5cores/best_plan.json,
case_094,1,singlecore_reference,94892,0,1.000000000,,0,0,,
case_094,2,scored,44003,318244,2.156489330,0,8,4.974,results_problem2/case_094_2cores/best_plan.json,
case_094,3,scored,30061,433732,3.156648149,0,11,7.613,results_problem2/case_094_3cores/best_plan.json,
case_094,4,scored,24044,489316,3.946597904,0,10,7.491,results_problem2/case_094_4cores/best_plan.json,
case_094,5,scored,23508,489312,4.036583291,0,11,7.949,results_problem2/case_094_5cores/best_plan.json,
case_095,1,singlecore_reference,2084853,0,1.000000000,,0,0,,
case_095,2,scored,1042890,0,1.999111124,0,6,23.053,results_problem2/case_095_2cores/best_plan.json,
case_095,3,scored,695775,0,2.996447127,0,6,21.407,results_problem2/case_095_3cores/best_plan.json,
case_095,4,scored,524422,0,3.975525436,0,6,20.648,results_problem2/case_095_4cores/best_plan.json,
case_095,5,scored,420852,0,4.953886402,0,6,20.569,results_problem2/case_095_5cores/best_plan.json,
case_096,1,singlecore_reference,84194,0,1.000000000,,0,0,,
case_096,2,scored,41875,75608,2.010602985,0,11,9.609,results_problem2/case_096_2cores/best_plan.json,
case_096,3,scored,27940,178800,3.013385827,0,11,11.225,results_problem2/case_096_3cores/best_plan.json,
case_096,4,scored,22623,307996,3.721610750,0,11,11.784,results_problem2/case_096_4cores/best_plan.json,
case_096,5,scored,18827,218780,4.471981728,0,12,11.371,results_problem2/case_096_5cores/best_plan.json,
case_097,1,singlecore_reference,11491509,0,1.000000000,,0,0,,
case_097,2,scored,5248026,38486016,2.189682178,19120128,7,67.848,results_problem2/case_097_2cores/best_plan.json,
case_097,3,scored,3475276,43806720,3.306646436,1204224,8,81.034,results_problem2/case_097_3cores/best_plan.json,
case_097,4,scored,2580236,9043968,4.453665866,1376256,7,52.474,results_problem2/case_097_4cores/best_plan.json,
case_097,5,scored,2077977,44935168,5.530142538,0,7,79.772,results_problem2/case_097_5cores/best_plan.json,
case_098,1,singlecore_reference,177430,0,1.000000000,,0,0,,
case_098,2,scored,89102,315548,1.991313326,0,11,11.544,results_problem2/case_098_2cores/best_plan.json,
case_098,3,scored,61115,442608,2.903215250,0,11,12.661,results_problem2/case_098_3cores/best_plan.json,
case_098,4,scored,45978,700764,3.859019531,0,11,13.161,results_problem2/case_098_4cores/best_plan.json,
case_098,5,scored,39566,438584,4.484405803,0,11,13.651,results_problem2/case_098_5cores/best_plan.json,
case_099,1,singlecore_reference,1622999,0,1.000000000,,0,0,,
case_099,2,scored,800139,3109120,2.028396316,0,11,54.443,results_problem2/case_099_2cores/best_plan.json,
case_099,3,scored,535357,4926976,3.031620022,0,11,59.726,results_problem2/case_099_3cores/best_plan.json,
case_099,4,scored,402163,6932480,4.035674590,0,7,48.802,results_problem2/case_099_4cores/best_plan.json,
case_099,5,scored,324419,8645888,5.002786520,0,8,54.561,results_problem2/case_099_5cores/best_plan.json,
case_100,1,singlecore_reference,151223,0,1.000000000,,0,0,,
case_100,2,scored,69123,449164,2.187737801,0,11,12.447,results_problem2/case_100_2cores/best_plan.json,
case_100,3,scored,44746,743880,3.379587002,0,11,13.583,results_problem2/case_100_3cores/best_plan.json,
case_100,4,scored,37217,981228,4.063277534,0,11,13.069,results_problem2/case_100_4cores/best_plan.json,
case_100,5,scored,36479,1090056,4.145480962,0,11,12.959,results_problem2/case_100_5cores/best_plan.json,
